{"stat.chestOpened":12,"stat.pickup.paraglider.paraglider":1,"stat.walkOneCm":110831,"stat.killEntity.wild_dog":1,"stat.useItem.minecraft.mushroom_stew":20,"stat.useItem.carryon.tile_item":1,"stat.pickup.minecraft.mushroom_stew":1,"stat.useItem.minecraft.egg":2,"stat.pickup.minecraft.crafting_table":1,"stat.damageTaken":1360,"stat.mineBlock.minecraft.crafting_table":1,"stat.furnaceInteraction":2,"stat.mineBlock.minecraft.furnace":1,"stat.drop.minecraft.dirt":2,"stat.mobKills":2,"stat.flyOneCm":81018,"stat.mineBlock.minecraft.stained_glass_pane":2,"stat.pickup.minecraft.bowl":4,"stat.drop":13,"stat.jump":794,"stat.swimOneCm":8396,"stat.pickup.minecraft.egg":2,"stat.mineBlock.minecraft.leaves":7,"stat.playOneMinute":110448,"stat.pickup.minecraft.coal":9,"stat.fallOneCm":21309,"stat.useItem.minecraft.stone_pickaxe":1,"stat.pickup.minecraft.furnace":1,"stat.sneakTime":331,"stat.useItem.minecraft.stone_sword":5,"stat.pickup.minecraft.wool":3,"stat.useItem.minecraft.stone_axe":2,"stat.drop.minecraft.bowl":11,"stat.damageDealt":328,"stat.crouchOneCm":718,"stat.mineBlock.minecraft.chest":1,"stat.timeSinceDeath":110448,"stat.pickup.minecraft.sapling":1,"stat.pickup.minecraft.dirt":10,"stat.useItem.minecraft.dirt":4,"stat.sprintOneCm":165477,"stat.mineBlock.minecraft.dirt":10,"stat.useItem.minecraft.stone_slab2":5,"stat.mineBlock.minecraft.tallgrass":1,"stat.diveOneCm":5523,"stat.pickup.minecraft.chest":1}