{"stat.chestOpened":10,"stat.walkOneCm":84570,"stat.useItem.minecraft.mushroom_stew":15,"stat.useItem.carryon.tile_item":1,"stat.pickup.minecraft.mushroom_stew":1,"stat.useItem.minecraft.egg":2,"stat.damageTaken":880,"stat.furnaceInteraction":2,"stat.mobKills":1,"stat.flyOneCm":57481,"stat.mineBlock.minecraft.stained_glass_pane":2,"stat.pickup.minecraft.bowl":4,"stat.drop":11,"stat.jump":565,"stat.swimOneCm":5847,"stat.pickup.minecraft.egg":2,"stat.mineBlock.minecraft.leaves":2,"stat.playOneMinute":32448,"stat.fallOneCm":17302,"stat.sneakTime":315,"stat.pickup.minecraft.wool":3,"stat.drop.minecraft.bowl":11,"stat.damageDealt":47,"stat.crouchOneCm":718,"stat.timeSinceDeath":32448,"stat.pickup.minecraft.sapling":1,"stat.pickup.minecraft.dirt":7,"stat.useItem.minecraft.dirt":3,"stat.sprintOneCm":135097,"stat.mineBlock.minecraft.dirt":7,"stat.useItem.minecraft.stone_slab2":4,"stat.diveOneCm":3721}