{"stat.chestOpened":12,"stat.walkOneCm":179110,"stat.useItem.minecraft.mushroom_stew":24,"stat.pickup.minecraft.crafting_table":1,"stat.furnaceInteraction":2,"stat.drop.minecraft.dirt":2,"stat.useItem.minecraft.apple":2,"stat.mineBlock.minecraft.stained_glass_pane":2,"stat.swimOneCm":9767,"stat.jump":1390,"stat.pickup.minecraft.coal":9,"stat.fallOneCm":30428,"stat.pickup.minecraft.furnace":1,"stat.useItem.tombstone.gift":1,"stat.pickup.simpleores.tin_ore":1,"stat.useItem.minecraft.stone_axe":3,"stat.drop.minecraft.bowl":11,"stat.drop.minecraft.sapling":2,"stat.crouchOneCm":718,"stat.mineBlock.minecraft.chest":1,"stat.pickup.minecraft.sapling":3,"stat.pickup.minecraft.dirt":10,"stat.useItem.minecraft.dirt":4,"stat.sprintOneCm":293514,"stat.useItem.minecraft.stone_slab2":6,"stat.pickup.minecraft.apple":2,"stat.pickup.paraglider.paraglider":2,"stat.killEntity.wild_dog":1,"stat.useItem.carryon.tile_item":1,"stat.pickup.minecraft.mushroom_stew":1,"stat.useItem.minecraft.egg":2,"stat.mineBlock.simpleores.tin_ore":2,"stat.damageTaken":1901,"stat.mineBlock.minecraft.crafting_table":1,"stat.mineBlock.minecraft.furnace":1,"stat.mobKills":3,"stat.drop.paraglider.paraglider":1,"stat.mineBlock.minecraft.log":21,"stat.entityKilledBy.betteranimalsplus.boar":1,"stat.flyOneCm":170143,"stat.pickup.minecraft.bowl":4,"stat.deaths":2,"stat.entityKilledBy.wild_dog":1,"tombstone:undead_killed":1,"stat.drop":16,"stat.pickup.minecraft.egg":2,"stat.mineBlock.minecraft.leaves":16,"stat.playOneMinute":212448,"stat.useItem.minecraft.stone_pickaxe":3,"stat.sneakTime":331,"stat.useItem.minecraft.stone_sword":13,"stat.pickup.minecraft.wool":3,"stat.damageDealt":527,"stat.timeSinceDeath":68965,"stat.mineBlock.minecraft.dirt":11,"stat.mineBlock.minecraft.tallgrass":1,"stat.diveOneCm":5523,"stat.pickup.minecraft.chest":1}