{"stat.chestOpened":19,"stat.drop.minecraft.stone_pickaxe":1,"stat.drop.minecraft.waterlily":4,"stat.useItem.minecraft.mushroom_stew":32,"stat.leaveGame":2,"stat.pickup.minecraft.waterlily":4,"stat.pickup.minecraft.stone_axe":2,"stat.useItem.minecraft.apple":2,"stat.drop.defiledlands.dirt_defiled":6,"stat.mineBlock.minecraft.stained_glass_pane":2,"stat.swimOneCm":19951,"stat.jump":2338,"stat.pickup.minecraft.coal":9,"stat.fallOneCm":55099,"stat.climbOneCm":131,"stat.pickup.simpleores.tin_ore":1,"stat.useItem.defiledlands.stone_defiled":11,"stat.useItem.minecraft.stone_axe":29,"stat.drop.minecraft.bowl":21,"stat.crouchOneCm":1495,"stat.mineBlock.minecraft.chest":1,"stat.pickup.minecraft.dirt":21,"stat.useItem.minecraft.dirt":6,"stat.drop.minecraft.mushroom_stew":1,"stat.useItem.minecraft.stone_slab2":9,"stat.pickup.minecraft.sand":1,"stat.boatOneCm":702431,"stat.mineBlock.minecraft.iron_bars":1,"stat.pickup.minecraft.mushroom_stew":1,"stat.useItem.minecraft.egg":2,"stat.killEntity.betteranimalsplus.fox":1,"stat.damageTaken":2631,"stat.mineBlock.minecraft.furnace":1,"stat.pickup.minecraft.cobblestone":5,"stat.entityKilledBy.piranha":2,"stat.flyOneCm":261775,"tombstone:undead_killed":1,"stat.mineBlock.minecraft.sand":1,"stat.killEntity.betteranimalsplus.deer":1,"stat.useItem.minecraft.stone_pickaxe":31,"stat.pickup.defiledlands.dirt_defiled":6,"stat.useItem.minecraft.stone_sword":13,"stat.damageDealt":1161,"stat.timeSinceDeath":51654,"stat.mineBlock.minecraft.dirt":22,"stat.pickup.minecraft.boat":3,"stat.mineBlock.defiledlands.stone_defiled":16,"stat.walkOneCm":300879,"stat.useItem.minecraft.bread":3,"stat.drop.tombstone.crafting_ingredient":1,"stat.pickup.minecraft.crafting_table":1,"stat.furnaceInteraction":2,"stat.drop.minecraft.dirt":10,"stat.killEntity.piranha":2,"stat.killEntity.betteranimalsplus.horseshoecrab":1,"stat.pickup.minecraft.log":21,"stat.pickup.minecraft.furnace":1,"stat.useItem.tombstone.gift":2,"stat.drop.minecraft.sapling":5,"stat.drop.defiledlands.stone_defiled":4,"stat.pickup.minecraft.sapling":7,"stat.mineBlock.defiledlands.dirt_defiled":5,"stat.sprintOneCm":538136,"stat.pickup.minecraft.apple":2,"stat.pickup.paraglider.paraglider":2,"stat.killEntity.wild_dog":2,"stat.useItem.carryon.tile_item":1,"stat.mineBlock.simpleores.tin_ore":2,"stat.pickup.defiledlands.stone_defiled":16,"stat.mineBlock.minecraft.crafting_table":1,"stat.waystones:waystonesActivated":2,"stat.mobKills":9,"stat.drop.paraglider.paraglider":1,"stat.mineBlock.minecraft.log":42,"stat.entityKilledBy.betteranimalsplus.boar":1,"stat.useItem.minecraft.boat":3,"stat.pickup.minecraft.bowl":4,"stat.deaths":4,"stat.entityKilledBy.wild_dog":1,"stat.drop":56,"stat.pickup.minecraft.egg":2,"stat.mineBlock.minecraft.leaves":44,"stat.playOneMinute":301620,"stat.mineBlock.defiledlands.grass_defiled":1,"stat.sneakTime":451,"stat.pickup.minecraft.wool":3,"stat.drop.minecraft.stone_axe":2,"stat.mineBlock.minecraft.stone":5,"stat.mineBlock.minecraft.tallgrass":1,"stat.diveOneCm":16377,"stat.pickup.minecraft.chest":1}