{"stat.chestOpened":13,"stat.walkOneCm":214885,"stat.useItem.minecraft.mushroom_stew":27,"stat.drop.tombstone.crafting_ingredient":1,"stat.leaveGame":1,"stat.pickup.minecraft.crafting_table":1,"stat.furnaceInteraction":2,"stat.pickup.minecraft.stone_axe":1,"stat.drop.minecraft.dirt":6,"stat.useItem.minecraft.apple":2,"stat.mineBlock.minecraft.stained_glass_pane":2,"stat.swimOneCm":17246,"stat.jump":1686,"stat.pickup.minecraft.coal":9,"stat.fallOneCm":39812,"stat.pickup.minecraft.furnace":1,"stat.useItem.tombstone.gift":2,"stat.pickup.simpleores.tin_ore":1,"stat.useItem.minecraft.stone_axe":16,"stat.drop.minecraft.bowl":18,"stat.drop.minecraft.sapling":4,"stat.crouchOneCm":718,"stat.mineBlock.minecraft.chest":1,"stat.pickup.minecraft.sapling":5,"stat.pickup.minecraft.dirt":14,"stat.useItem.minecraft.dirt":4,"stat.sprintOneCm":355396,"stat.useItem.minecraft.stone_slab2":7,"stat.pickup.minecraft.apple":2,"stat.pickup.paraglider.paraglider":2,"stat.pickup.minecraft.sand":1,"stat.killEntity.wild_dog":2,"stat.mineBlock.minecraft.iron_bars":1,"stat.useItem.carryon.tile_item":1,"stat.pickup.minecraft.mushroom_stew":1,"stat.useItem.minecraft.egg":2,"stat.mineBlock.simpleores.tin_ore":2,"stat.damageTaken":2421,"stat.mineBlock.minecraft.crafting_table":1,"stat.mineBlock.minecraft.furnace":1,"stat.mobKills":5,"stat.drop.paraglider.paraglider":1,"stat.mineBlock.minecraft.log":21,"stat.entityKilledBy.piranha":2,"stat.entityKilledBy.betteranimalsplus.boar":1,"stat.flyOneCm":195059,"stat.pickup.minecraft.bowl":4,"stat.deaths":4,"stat.entityKilledBy.wild_dog":1,"tombstone:undead_killed":1,"stat.drop":31,"stat.pickup.minecraft.egg":2,"stat.mineBlock.minecraft.leaves":34,"stat.mineBlock.minecraft.sand":1,"stat.playOneMinute":251163,"stat.killEntity.betteranimalsplus.deer":1,"stat.useItem.minecraft.stone_pickaxe":4,"stat.sneakTime":331,"stat.useItem.minecraft.stone_sword":13,"stat.pickup.minecraft.wool":3,"stat.damageDealt":836,"stat.drop.minecraft.stone_axe":1,"stat.timeSinceDeath":1197,"stat.mineBlock.minecraft.dirt":15,"stat.mineBlock.minecraft.tallgrass":1,"stat.diveOneCm":14343,"stat.pickup.minecraft.chest":1}