{"stat.chestOpened":12,"stat.walkOneCm":128655,"stat.useItem.minecraft.mushroom_stew":20,"stat.pickup.minecraft.crafting_table":1,"stat.furnaceInteraction":2,"stat.drop.minecraft.dirt":2,"stat.useItem.minecraft.apple":1,"stat.mineBlock.minecraft.stained_glass_pane":2,"stat.swimOneCm":8396,"stat.jump":941,"stat.pickup.minecraft.coal":9,"stat.fallOneCm":24927,"stat.pickup.minecraft.furnace":1,"stat.useItem.tombstone.gift":1,"stat.useItem.minecraft.stone_axe":3,"stat.drop.minecraft.bowl":11,"stat.drop.minecraft.sapling":2,"stat.crouchOneCm":718,"stat.mineBlock.minecraft.chest":1,"stat.pickup.minecraft.sapling":3,"stat.pickup.minecraft.dirt":10,"stat.useItem.minecraft.dirt":4,"stat.sprintOneCm":192562,"stat.useItem.minecraft.stone_slab2":6,"stat.pickup.minecraft.apple":2,"stat.pickup.paraglider.paraglider":1,"stat.killEntity.wild_dog":1,"stat.useItem.carryon.tile_item":1,"stat.pickup.minecraft.mushroom_stew":1,"stat.useItem.minecraft.egg":2,"stat.damageTaken":1411,"stat.mineBlock.minecraft.crafting_table":1,"stat.mineBlock.minecraft.furnace":1,"stat.mobKills":2,"stat.mineBlock.minecraft.log":21,"stat.entityKilledBy.betteranimalsplus.boar":1,"stat.flyOneCm":95181,"stat.pickup.minecraft.bowl":4,"stat.deaths":1,"stat.drop":15,"stat.pickup.minecraft.egg":2,"stat.mineBlock.minecraft.leaves":10,"stat.playOneMinute":134448,"stat.useItem.minecraft.stone_pickaxe":1,"stat.sneakTime":331,"stat.useItem.minecraft.stone_sword":5,"stat.pickup.minecraft.wool":3,"stat.damageDealt":328,"stat.timeSinceDeath":23227,"stat.mineBlock.minecraft.dirt":10,"stat.mineBlock.minecraft.tallgrass":1,"stat.diveOneCm":5523,"stat.pickup.minecraft.chest":1}