{"stat.chestOpened":12,"stat.walkOneCm":152660,"stat.useItem.minecraft.mushroom_stew":21,"stat.pickup.minecraft.crafting_table":1,"stat.furnaceInteraction":2,"stat.drop.minecraft.dirt":2,"stat.useItem.minecraft.apple":2,"stat.mineBlock.minecraft.stained_glass_pane":2,"stat.swimOneCm":8396,"stat.jump":1192,"stat.pickup.minecraft.coal":9,"stat.fallOneCm":28767,"stat.pickup.minecraft.furnace":1,"stat.useItem.tombstone.gift":1,"stat.pickup.simpleores.tin_ore":1,"stat.useItem.minecraft.stone_axe":3,"stat.drop.minecraft.bowl":11,"stat.drop.minecraft.sapling":2,"stat.crouchOneCm":718,"stat.mineBlock.minecraft.chest":1,"stat.pickup.minecraft.sapling":3,"stat.pickup.minecraft.dirt":10,"stat.useItem.minecraft.dirt":4,"stat.sprintOneCm":257614,"stat.useItem.minecraft.stone_slab2":6,"stat.pickup.minecraft.apple":2,"stat.pickup.paraglider.paraglider":2,"stat.killEntity.wild_dog":1,"stat.useItem.carryon.tile_item":1,"stat.pickup.minecraft.mushroom_stew":1,"stat.useItem.minecraft.egg":2,"stat.mineBlock.simpleores.tin_ore":2,"stat.damageTaken":1751,"stat.mineBlock.minecraft.crafting_table":1,"stat.mineBlock.minecraft.furnace":1,"stat.mobKills":2,"stat.drop.paraglider.paraglider":1,"stat.mineBlock.minecraft.log":21,"stat.entityKilledBy.betteranimalsplus.boar":1,"stat.flyOneCm":133342,"stat.pickup.minecraft.bowl":4,"stat.deaths":2,"stat.entityKilledBy.wild_dog":1,"stat.drop":16,"stat.pickup.minecraft.egg":2,"stat.mineBlock.minecraft.leaves":12,"stat.playOneMinute":158448,"stat.useItem.minecraft.stone_pickaxe":3,"stat.sneakTime":331,"stat.useItem.minecraft.stone_sword":7,"stat.pickup.minecraft.wool":3,"stat.damageDealt":328,"stat.timeSinceDeath":14965,"stat.mineBlock.minecraft.dirt":11,"stat.mineBlock.minecraft.tallgrass":1,"stat.diveOneCm":5523,"stat.pickup.minecraft.chest":1}