{"stat.chestOpened":11,"stat.walkOneCm":88362,"stat.useItem.minecraft.mushroom_stew":17,"stat.useItem.carryon.tile_item":1,"stat.pickup.minecraft.mushroom_stew":1,"stat.useItem.minecraft.egg":2,"stat.damageTaken":1060,"stat.furnaceInteraction":2,"stat.mobKills":1,"stat.flyOneCm":59159,"stat.mineBlock.minecraft.stained_glass_pane":2,"stat.pickup.minecraft.bowl":4,"stat.drop":11,"stat.jump":594,"stat.swimOneCm":5847,"stat.pickup.minecraft.egg":2,"stat.mineBlock.minecraft.leaves":2,"stat.playOneMinute":98448,"stat.fallOneCm":17569,"stat.sneakTime":315,"stat.pickup.minecraft.wool":3,"stat.drop.minecraft.bowl":11,"stat.damageDealt":122,"stat.crouchOneCm":718,"stat.timeSinceDeath":98448,"stat.pickup.minecraft.sapling":1,"stat.pickup.minecraft.dirt":8,"stat.useItem.minecraft.dirt":4,"stat.sprintOneCm":136718,"stat.mineBlock.minecraft.dirt":8,"stat.useItem.minecraft.stone_slab2":5,"stat.mineBlock.minecraft.tallgrass":1,"stat.diveOneCm":3721}