{"stat.flyOneCm":24763,"stat.walkOneCm":28896,"stat.useItem.minecraft.mushroom_stew":1,"stat.drop":1,"stat.jump":176,"stat.swimOneCm":325,"stat.playOneMinute":8448,"stat.fallOneCm":3286,"stat.pickup.minecraft.mushroom_stew":1,"stat.sneakTime":82,"stat.pickup.minecraft.wool":3,"stat.drop.minecraft.bowl":1,"stat.damageTaken":20,"stat.damageDealt":30,"stat.crouchOneCm":520,"stat.timeSinceDeath":8448,"stat.pickup.minecraft.dirt":3,"stat.useItem.minecraft.dirt":2,"stat.sprintOneCm":67006,"stat.mobKills":1,"stat.mineBlock.minecraft.dirt":3,"stat.useItem.minecraft.stone_slab2":1,"stat.diveOneCm":962}