{"stat.chestOpened":9,"stat.walkOneCm":72269,"stat.useItem.minecraft.mushroom_stew":12,"stat.useItem.carryon.tile_item":1,"stat.pickup.minecraft.mushroom_stew":1,"stat.useItem.minecraft.egg":2,"stat.damageTaken":790,"stat.furnaceInteraction":1,"stat.mobKills":1,"stat.flyOneCm":47164,"stat.mineBlock.minecraft.stained_glass_pane":2,"stat.drop":3,"stat.jump":463,"stat.swimOneCm":2110,"stat.pickup.minecraft.egg":2,"stat.playOneMinute":20448,"stat.fallOneCm":13569,"stat.sneakTime":315,"stat.pickup.minecraft.wool":3,"stat.drop.minecraft.bowl":3,"stat.damageDealt":47,"stat.crouchOneCm":718,"stat.timeSinceDeath":20448,"stat.pickup.minecraft.dirt":6,"stat.useItem.minecraft.dirt":3,"stat.sprintOneCm":109644,"stat.mineBlock.minecraft.dirt":7,"stat.useItem.minecraft.stone_slab2":2,"stat.diveOneCm":1399}