{"stat.useItem.minecraft.bow":75,"stat.leaveGame":3,"stat.mineBlock.minecraft.web":8,"stat.useItem.malisisdoors.wood_sliding_door":3,"stat.drop.minecraft.feather":1,"stat.pickup.minecraft.rotten_flesh":27,"stat.drop.animalium.wild_dog_pelt":1,"stat.craftItem.minecraft.stone_axe":3,"stat.pickup.animalium.wild_dog_pelt":1,"stat.pickup.farlanders.titan_hide":10,"stat.pickup.medieval_craft.steelsword":1,"stat.pickup.minecraft.leather_boots":2,"stat.mineBlock.minecraft.end_stone":1,"stat.useItem.defiledlands.blastem_fruit":3,"stat.pickup.chisel.chisel_iron":1,"stat.pickup.xlfoodmod.strawberry_seeds":1,"stat.useItem.minecraft.iron_pickaxe":404,"stat.craftItem.minecraft.wooden_pickaxe":3,"stat.useItem.minecraft.iron_shovel":250,"stat.craftItem.minecraft.bed":2,"stat.pickup.defiledlands.scuronotte":1,"stat.mineBlock.chisel.marble2":6,"stat.furnaceInteraction":118,"stat.pickup.medieval_craft.heavyplatearmorlegs":1,"stat.drop.defiledlands.scuronotte":1,"stat.craftItem.minecraft.leather_helmet":2,"stat.pickup.minecraft.beef":9,"stat.pickup.minecraft.leather_helmet":2,"stat.killEntity.DoomCreeper":1,"stat.pickup.futuremc.stripped_oak_log":62,"stat.pickup.mca.rose_gold_ore":4,"stat.mineBlock.simpleores.tin_ore":11,"stat.useItem.minecraft.flint_and_steel":8,"stat.pickup.defiledlands.blastem_seed":3,"stat.deaths":11,"stat.pickup.minecraft.bowl":6,"stat.pickup.minecraft.egg":1,"stat.mineBlock.defiledlands.grass_defiled":170,"stat.craftItem.minecraft.iron_pickaxe":1,"stat.useItem.chisel.planks-oak":964,"stat.drop.minecraft.glass_bottle":4,"stat.pickup.chisel.marble2":6,"stat.craftItem.minecraft.cooked_mutton":7,"stat.mineBlock.minecraft.tallgrass":52,"stat.pickup.minecraft.cooked_mutton":4,"stat.chestOpened":180,"stat.useItem.minecraft.stone":452,"stat.pickup.minecraft.iron_sword":3,"stat.pickup.minecraft.arrow":32,"stat.killEntity.GatlingSkeleton":1,"stat.killEntity.NinjaSkeleton":1,"stat.useItem.defiledlands.stone_defiled":215,"stat.pickup.minecraft.carrot":16,"stat.crouchOneCm":46531,"stat.mineBlock.minecraft.chest":1,"stat.killEntity.FlyingSpider":1,"stat.craftItem.minecraft.iron_ingot":18,"stat.drop.minecraft.mushroom_stew":2,"stat.craftingTableInteraction":69,"stat.pickup.minecraft.mushroom_stew":3,"stat.mineBlock.minecraft.log2":2,"stat.useItem.chisel.marble2":1,"stat.pickup.medieval_craft.longsword":1,"stat.entityKilledBy.red_soldier":1,"stat.pickup.minecraft.planks":177,"stat.pickup.chisel.limestone2":3,"stat.pickup.minecraft.wheat_seeds":4,"stat.pickup.chisel.cobblestone":1,"stat.mineBlock.simpleores.mythril_ore":4,"stat.mineBlock.minecraft.glass":2,"stat.killEntity.DesertSpider":1,"stat.mineBlock.xlfoodmod.grass":1,"stat.mineBlock.minecraft.dirt":289,"stat.useItem.minecraft.bread":4,"stat.drop.minecraft.porkchop":4,"stat.useItem.minecraft.cobblestone":365,"stat.useItem.minecraft.gravel":1,"stat.useItem.defiledlands.dirt_defiled":33,"stat.drop.minecraft.chicken":1,"stat.pickup.minecraft.iron_pickaxe":1,"stat.drop.minecraft.carrot":6,"stat.drop.minecraft.sapling":4,"stat.mineBlock.chisel.stonebrick1":1,"stat.pickup.minecraft.chicken":1,"stat.craftItem.chisel.chisel_iron":3,"stat.mineBlock.chisel.stonebrick2":1,"stat.pickup.minecraft.apple":19,"stat.craftItem.minecraft.planks":1268,"stat.useItem.minecraft.iron_sword":166,"stat.drop.medieval_craft.steelsword":1,"stat.pickup.minecraft.stone_sword":2,"stat.useItem.minecraft.stonebrick":3,"stat.mineBlock.minecraft.log":531,"stat.drop.medieval_craft.heavyplatearmorhelmet":1,"stat.mineBlock.farlanders.endumium_ore":4,"stat.drop.minecraft.leather_leggings":3,"stat.pickup.minecraft.red_flower":1,"stat.pickup.minecraft.wool":7,"stat.killEntity.BabySpider":4,"stat.killEntity.betteranimalsplus.badger":1,"stat.pickup.minecraft.cooked_fish":6,"stat.pickup.defiledlands.hephaestite":8,"stat.cakeSlicesEaten":7,"stat.useItem.minecraft.iron_axe":277,"stat.mineBlock.minecraft.cobblestone":26,"stat.pickup.minecraft.stone_pickaxe":4,"stat.pickup.minecraft.flint":1,"stat.mineBlock.minecraft.yellow_flower":1,"stat.pickup.minecraft.leather_chestplate":3,"stat.mineBlock.minecraft.stained_glass_pane":10,"stat.pickup.minecraft.enchanted_book":2,"stat.mineBlock.chisel.cobblestone2":44,"stat.useItem.chococraft.gysahl_green":11,"stat.useItem.minecraft.cookie":6,"stat.useItem.minecraft.stone_slab2":183,"stat.pickup.minecraft.bow":4,"stat.pickup.minecraft.iron_boots":4,"stat.mineBlock.chisel.cobblestone":1,"stat.craftItem.minecraft.furnace":7,"stat.useItem.minecraft.egg":1,"stat.killEntity.SniperSkeleton":1,"stat.craftItem.minecraft.cooked_beef":9,"stat.pickup.simpleores.copper_ore":2,"stat.pickup.minecraft.shears":1,"stat.pickup.animalium.bear_meat":1,"stat.flyOneCm":1114300,"stat.pickup.minecraft.fish":2,"stat.killEntity.betteranimalsplus.deer":1,"stat.pickup.defiledlands.dirt_defiled":389,"stat.timeSinceDeath":84842,"stat.pickup.chococraft.lovely_gysahl_green":13,"stat.pickup.travelersbackpack.travelers_backpack":1,"stat.useItem.minecraft.potato":3,"stat.pickup.minecraft.chainmail_helmet":1,"stat.craftItem.medieval_craft.knife":1,"stat.drop.minecraft.flint_and_steel":1,"stat.mineBlock.minecraft.coal_ore":43,"stat.drop.waystones.waystone":1,"stat.pickup.minecraft.shield":2,"stat.talkedToVillager":31,"stat.pickup.minecraft.string":33,"stat.pickup.tombstone.crafting_ingredient":8,"stat.entityKilledBy.Skeleton":1,"stat.pickup.simpleores.mythril_ingot":1,"stat.sprintOneCm":2041273,"stat.killEntity.betteranimalsplus.pheasant":1,"stat.entityKilledBy.magma_monster_grunt":1,"stat.useItem.tombstone.magic_scroll":8,"stat.pickup.farlanders.ender_horn":1,"stat.useItem.minecraft.snowball":22,"stat.waystones:waystonesActivated":2,"stat.drop.defiledlands.book_wyrm_raw":4,"stat.pickup.minecraft.leather_leggings":4,"stat.useItem.betteranimalsplus.venisonraw":1,"stat.craftItem.minecraft.leather_chestplate":1,"stat.drop.tombstone.grave_key":1,"stat.killEntity.Zombie":13,"stat.pickup.minecraft.snowball":399,"stat.pickup.minecraft.fire_charge":2,"stat.pickup.chisel.stonebrick2":9,"stat.diveOneCm":20300,"stat.pickup.chisel.stonebrick1":1,"stat.drop.chococraft.chocobo_drumstick_raw":3,"stat.pickup.defiledlands.blastem_fruit":3,"stat.craftItem.minecraft.cooked_porkchop":1,"stat.drop.malisisdoors.wood_sliding_door":1,"stat.mineBlock.defiledlands.vilespine":1,"stat.drop.defiledlands.dirt_defiled":17,"stat.useItem.minecraft.rotten_flesh":4,"stat.mineBlock.defiledlands.hephaestite_ore":4,"stat.jump":8380,"stat.useItem.minecraft.sand":10,"stat.pickup.minecraft.coal":42,"stat.pickup.minecraft.iron_ingot":40,"stat.pickup.animalium.bear_claw":2,"stat.pickup.minecraft.gunpowder":4,"stat.useItem.medieval_craft.longsword":301,"stat.pickup.malisisdoors.big_door_oak_3x3":1,"stat.pickup.minecraft.dirt":258,"stat.killEntity.blue_archer":4,"stat.useItem.minecraft.sapling":3,"stat.pickup.minecraft.iron_axe":4,"stat.pickup.minecraft.cookie":6,"stat.mineBlock.minecraft.glass_pane":2,"stat.damageTaken":12842,"stat.mineBlock.minecraft.torch":25,"stat.mineBlock.minecraft.red_flower":3,"stat.pickup.minecraft.magma_cream":1,"stat.pickup.minecraft.log2":1,"stat.killEntity.redknight":19,"stat.pickup.minecraft.bed":8,"stat.useItem.chisel.glass":130,"stat.pickup.minecraft.potato":7,"stat.killEntity.FishingZombie":1,"stat.pickup.chococraft.gysahl_green":40,"stat.mineBlock.defiledlands.stone_defiled":299,"stat.useItem.minecraft.chest":2,"stat.useItem.medieval_craft.steelsword":382,"stat.pickup.simpleores.mythril_ore":3,"stat.killEntity.magma_monster":3,"stat.useItem.minecraft.melon":2,"stat.useItem.tombstone.gift":3,"stat.mineBlock.minecraft.stonebrick":11,"stat.mineBlock.waystones.waystone":3,"stat.pickup.minecraft.dark_oak_stairs":2,"stat.mobKills":218,"stat.useItem.minecraft.boat":5,"stat.pickup.minecraft.diamond":4,"stat.pickup.minecraft.torch":24,"stat.drop.minecraft.stone_axe":1,"stat.pickup.betteranimalsplus.antler":2,"stat.craftItem.minecraft.iron_axe":2,"stat.pickup.medieval_craft.ingotsteel":20,"stat.useItem.minecraft.planks":89,"stat.drop.chococraft.chocobo_feather":1,"stat.drop.minecraft.bowl":67,"stat.pickup.minecraft.porkchop":5,"stat.pickup.minecraft.glass":10,"stat.mineBlock.minecraft.stone_brick_stairs":3,"stat.pickup.minecraft.sand":194,"stat.pickup.defiledlands.book_wyrm_raw":8,"stat.killEntity.red_soldier":18,"stat.mineBlock.malisisdoors.big_door_oak_3x3":1,"stat.craftItem.minecraft.stone_sword":2,"stat.mineBlock.minecraft.snow_layer":238,"stat.pickup.chisel.cobblestone2":41,"stat.pickup.minecraft.chainmail_chestplate":2,"stat.drop.xlfoodmod.corn_seeds":1,"stat.mineBlock.minecraft.sand":196,"stat.mineBlock.futuremc.stripped_oak_log":62,"stat.drop.minecraft.diamond":1,"stat.craftItem.simpleores.mythril_ingot":2,"stat.useItem.minecraft.oak_stairs":8,"stat.useItem.minecraft.dark_oak_stairs":1,"stat.pickup.minecraft.furnace":6,"stat.useItem.minecraft.cooked_mutton":11,"stat.killEntity.red_archer":9,"stat.pickup.medieval_craft.heavyplatearmorboots":1,"stat.pickup.minecraft.iron_chestplate":1,"stat.pickup.tombstone.magic_scroll":3,"stat.mineBlock.defiledlands.scuronotte":1,"stat.pickup.futuremc.lily_of_the_valley":1,"stat.pickup.minecraft.saddle":4,"stat.mineBlock.minecraft.oak_stairs":1,"stat.killEntity.betteranimalsplus.songbird":1,"stat.playOneMinute":509946,"stat.drop.minecraft.string":2,"stat.pickup.minecraft.iron_bars":26,"stat.craftItem.medieval_craft.steelsword":1,"stat.useItem.minecraft.fish":2,"stat.pickup.minecraft.waterlily":2,"stat.mineBlock.minecraft.ice":2,"stat.useItem.chisel.stonebrick1":1,"stat.useItem.chisel.stonebrick2":63,"stat.pickup.betteranimalsplus.venisonraw":1,"stat.fallOneCm":218016,"stat.drop.xlfoodmod.strawberry_seeds":1,"stat.pickup.simpleores.tin_ore":6,"stat.killEntity.redtankknight":5,"stat.craftItem.minecraft.chest":5,"stat.pickup.defiledlands.book_wyrm_scale":10,"stat.pickup.minecraft.feather":3,"stat.drop.minecraft.bone":6,"stat.useItem.minecraft.furnace":4,"stat.craftItem.mca.rose_gold_ingot":4,"stat.killEntity.HungrySpider":1,"stat.mineBlock.minecraft.gravel":7,"stat.useItem.minecraft.stone_pickaxe":1583,"stat.pickup.waystones.waystone":3,"stat.useItem.minecraft.stone_sword":132,"stat.craftItem.minecraft.iron_leggings":1,"stat.pickup.farlanders.endumium_crystal":4,"stat.craftItem.minecraft.oak_stairs":8,"stat.pickup.minecraft.chainmail_boots":2,"stat.drop.minecraft.stick":4,"stat.mineBlock.simpleores.copper_ore":2,"stat.useItem.minecraft.iron_bars":10,"stat.useItem.minecraft.torch":33,"stat.pickup.minecraft.iron_nugget":2,"stat.pickup.malisisdoors.wood_sliding_door":2,"stat.pickup.minecraft.crafting_table":16,"stat.useItem.minecraft.log":63,"stat.craftItem.minecraft.crafting_table":9,"stat.craftItem.minecraft.boat":2,"stat.pickup.minecraft.iron_hoe":1,"stat.pickup.minecraft.log":370,"stat.useItem.minecraft.cooked_fish":8,"stat.killEntity.PaleSpider":1,"stat.drop.minecraft.planks":4,"stat.pickup.medieval_craft.heavyplatearmorhelmet":4,"stat.pickup.minecraft.sapling":113,"stat.mineBlock.chisel.glass":4,"stat.mineBlock.cfm.stone_path":2,"stat.sneakTime":13797,"stat.useItem.minecraft.baked_potato":4,"stat.useItem.futuremc.stripped_oak_log":50,"stat.useItem.medieval_craft.knife":2,"stat.pickup.minecraft.chest":1,"stat.pickup.minecraft.bone":28,"stat.useItem.minecraft.mushroom_stew":165,"stat.killEntity.HuskZombie":1,"stat.pickup.chisel.planks-oak":376,"stat.swimOneCm":38860,"stat.climbOneCm":14905,"stat.mineBlock.minecraft.spruce_stairs":7,"stat.pickup.chococraft.chocobo_drumstick_raw":3,"stat.useItem.minecraft.dirt":45,"stat.killEntity.betteranimalsplus.boar":2,"stat.drop.betteranimalsplus.antler":2,"stat.craftItem.minecraft.stone_pickaxe":12,"stat.killEntity.betteranimalsplus.crab":2,"stat.pickup.minecraft.cobblestone":1345,"stat.drop.chisel.chisel_iron":1,"stat.mineBlock.chisel.limestone2":3,"stat.useItem.minecraft.stone_shovel":813,"stat.drop.minecraft.wheat_seeds":2,"stat.useItem.minecraft.cooked_beef":1,"stat.pickup.minecraft.redstone":10,"stat.mineBlock.minecraft.iron_ore":34,"stat.pickup.minecraft.mutton":10,"stat.mineBlock.xlfoodmod.vanilla_flower":1,"stat.pickup.minecraft.stonebrick":39,"stat.drop.minecraft.dirt":1,"stat.pickup.minecraft.iron_shovel":1,"stat.useItem.minecraft.cooked_porkchop":1,"stat.pickup.chococraft.chocobo_feather":1,"stat.pickup.xlfoodmod.corn_seeds":1,"stat.craftItem.malisisdoors.wood_sliding_door":3,"stat.craftItem.minecraft.stone_slab2":0,"stat.pickup.chisel.glass":61,"stat.mineBlock.defiledlands.conjuring_altar":1,"stat.mineBlock.defiledlands.dirt_defiled":253,"stat.entityKilledBy.redknight":2,"stat.craftItem.minecraft.stick":72,"stat.craftItem.minecraft.stone":317,"stat.mineBlock.minecraft.crafting_table":16,"stat.useItem.minecraft.carrot":11,"stat.pickup.chococraft.gysahl_green_seeds":108,"stat.mineBlock.minecraft.planks":32,"stat.drop":199,"stat.killEntity.Sheep":6,"stat.killEntity.defiledlands.book_wyrm":9,"stat.entityKilledBy.SniperSkeleton":1,"stat.pickup.minecraft.gravel":6,"stat.useItem.minecraft.apple":5,"stat.useItem.minecraft.porkchop":1,"stat.useItem.minecraft.potion":4,"stat.pickup.minecraft.stone_brick_stairs":2,"stat.killEntity.defiledlands.scuttler":1,"stat.useItem.minecraft.stone_axe":159,"stat.pickup.minecraft.spider_eye":9,"stat.pickup.minecraft.iron_ore":34,"stat.mineBlock.mca.rose_gold_ore":4,"stat.boatOneCm":728763,"stat.mineBlock.minecraft.iron_bars":26,"stat.pickup.xlfoodmod.tomato_seeds":1,"stat.pickup.minecraft.leather":8,"stat.mineBlock.minecraft.furnace":6,"stat.useItem.minecraft.wooden_pickaxe":51,"stat.drop.betteranimalsplus.pheasantraw":1,"stat.drop.chococraft.gysahl_green":1,"tombstone:undead_killed":53,"stat.pickup.minecraft.oak_stairs":1,"stat.damageDealt":38394,"stat.craftItem.minecraft.glass":147,"stat.sleepInBed":11,"stat.craftItem.minecraft.baked_potato":4,"stat.killEntity.Cow":4,"stat.pickup.minecraft.boat":3,"stat.craftItem.minecraft.stone_shovel":8,"stat.walkOneCm":1342467,"stat.pickup.minecraft.stick":7,"stat.killEntity.piranha":24,"stat.drop.minecraft.leather_chestplate":2,"stat.drop.chisel.marble2":1,"stat.pickup.minecraft.stone":35,"stat.pickup.betteranimalsplus.pheasantraw":1,"stat.drop.chococraft.gysahl_green_seeds":43,"stat.killEntity.blue_soldier":4,"stat.killEntity.Skeleton":10,"stat.killEntity.wild_dog":6,"stat.killEntity.magma_monster_grunt":1,"stat.killEntity.Chicken":1,"stat.killEntity.GiantSkeleton":1,"stat.pickup.defiledlands.stone_defiled":256,"stat.killEntity.Spider":15,"stat.pickup.minecraft.bread":2,"stat.useItem.minecraft.golden_apple":1,"stat.mineBlock.minecraft.leaves":69,"stat.pickup.cfm.stone_path":2,"stat.entityKilledBy.redtankknight":3,"stat.pickup.minecraft.spruce_stairs":5,"stat.mineBlock.minecraft.redstone_ore":4,"stat.useItem.chisel.cobblestone2":101,"stat.mineBlock.chisel.planks-oak":262,"stat.drop.xlfoodmod.tomato_seeds":1,"stat.mineBlock.minecraft.stone":1483}