{"stat.pickup.defiledlands.hephaestite":8,"stat.cakeSlicesEaten":7,"stat.useItem.minecraft.bow":57,"stat.pickup.minecraft.bone":22,"stat.useItem.minecraft.mushroom_stew":52,"stat.pickup.betteranimalsplus.antler":2,"stat.useItem.minecraft.iron_axe":104,"stat.killEntity.HuskZombie":1,"stat.mineBlock.minecraft.cobblestone":24,"stat.pickup.minecraft.flint":1,"stat.pickup.minecraft.leather_chestplate":3,"stat.pickup.medieval_craft.ingotsteel":15,"stat.mineBlock.minecraft.stained_glass_pane":2,"stat.swimOneCm":6533,"stat.climbOneCm":14276,"stat.useItem.minecraft.planks":54,"stat.mineBlock.minecraft.web":5,"stat.mineBlock.minecraft.spruce_stairs":2,"stat.drop.minecraft.bowl":12,"stat.useItem.chococraft.gysahl_green":11,"stat.useItem.minecraft.cookie":6,"stat.useItem.minecraft.dirt":11,"stat.useItem.minecraft.stone_slab2":63,"stat.pickup.minecraft.bow":3,"stat.pickup.minecraft.iron_boots":2,"stat.pickup.minecraft.rotten_flesh":23,"stat.craftItem.minecraft.furnace":4,"stat.useItem.minecraft.egg":1,"stat.craftItem.minecraft.stone_axe":1,"stat.killEntity.red_soldier":13,"stat.drop.betteranimalsplus.antler":2,"stat.craftItem.minecraft.stone_pickaxe":3,"stat.craftItem.minecraft.cooked_beef":9,"stat.pickup.simpleores.copper_ore":2,"stat.pickup.minecraft.shears":1,"stat.pickup.minecraft.cobblestone":181,"stat.pickup.minecraft.leather_boots":2,"stat.mineBlock.chisel.limestone2":1,"stat.craftItem.minecraft.stone_sword":2,"stat.flyOneCm":215291,"stat.pickup.minecraft.chainmail_chestplate":2,"stat.pickup.minecraft.fish":1,"stat.killEntity.betteranimalsplus.deer":1,"stat.useItem.minecraft.cooked_beef":1,"stat.mineBlock.minecraft.iron_ore":16,"stat.timeSinceDeath":58017,"stat.pickup.chococraft.lovely_gysahl_green":4,"stat.useItem.minecraft.iron_pickaxe":2,"stat.craftItem.minecraft.wooden_pickaxe":3,"stat.pickup.minecraft.mutton":7,"stat.useItem.minecraft.iron_shovel":1,"stat.craftItem.minecraft.bed":1,"stat.useItem.minecraft.potato":2,"stat.mineBlock.chisel.marble2":6,"stat.pickup.minecraft.chainmail_helmet":1,"stat.pickup.minecraft.stonebrick":3,"stat.furnaceInteraction":18,"stat.drop.minecraft.flint_and_steel":1,"stat.pickup.minecraft.iron_shovel":1,"stat.useItem.minecraft.cooked_porkchop":1,"stat.mineBlock.minecraft.coal_ore":22,"stat.useItem.minecraft.dark_oak_stairs":1,"stat.pickup.minecraft.shield":2,"stat.craftItem.minecraft.leather_helmet":2,"stat.pickup.minecraft.string":30,"stat.pickup.minecraft.beef":9,"stat.pickup.minecraft.furnace":3,"stat.useItem.minecraft.cooked_mutton":11,"stat.pickup.tombstone.crafting_ingredient":8,"stat.entityKilledBy.Skeleton":1,"stat.craftItem.minecraft.stone_slab2":0,"stat.killEntity.red_archer":9,"stat.pickup.medieval_craft.heavyplatearmorboots":1,"stat.pickup.minecraft.leather_helmet":2,"stat.mineBlock.defiledlands.conjuring_altar":1,"stat.entityKilledBy.redknight":1,"stat.sprintOneCm":696665,"stat.pickup.minecraft.iron_chestplate":1,"stat.craftItem.minecraft.stick":20,"stat.pickup.tombstone.magic_scroll":3,"stat.useItem.tombstone.magic_scroll":8,"stat.pickup.futuremc.lily_of_the_valley":1,"stat.mineBlock.simpleores.tin_ore":6,"stat.useItem.minecraft.flint_and_steel":8,"stat.mineBlock.minecraft.crafting_table":8,"stat.useItem.minecraft.carrot":11,"stat.pickup.minecraft.leather_leggings":4,"stat.pickup.chococraft.gysahl_green_seeds":31,"stat.useItem.betteranimalsplus.venisonraw":1,"stat.deaths":5,"stat.mineBlock.minecraft.planks":19,"stat.pickup.minecraft.bowl":1,"stat.killEntity.betteranimalsplus.songbird":1,"stat.drop":63,"stat.pickup.minecraft.egg":1,"stat.playOneMinute":165990,"stat.craftItem.minecraft.leather_chestplate":1,"stat.drop.tombstone.grave_key":1,"stat.killEntity.Sheep":4,"stat.killEntity.defiledlands.book_wyrm":4,"stat.killEntity.Zombie":13,"stat.pickup.minecraft.iron_bars":24,"stat.drop.minecraft.glass_bottle":4,"stat.pickup.chisel.marble2":6,"stat.craftItem.minecraft.cooked_mutton":7,"stat.mineBlock.minecraft.tallgrass":1,"stat.diveOneCm":3201,"stat.pickup.minecraft.cooked_mutton":4,"stat.chestOpened":60,"stat.craftItem.medieval_craft.steelsword":1,"stat.entityKilledBy.SniperSkeleton":1,"stat.useItem.minecraft.fish":1,"stat.useItem.minecraft.stone":18,"stat.pickup.minecraft.gravel":5,"stat.pickup.minecraft.iron_sword":3,"stat.pickup.minecraft.arrow":26,"stat.craftItem.minecraft.cooked_porkchop":1,"stat.killEntity.GatlingSkeleton":1,"stat.useItem.minecraft.apple":5,"stat.pickup.betteranimalsplus.venisonraw":1,"stat.useItem.minecraft.potion":4,"stat.useItem.minecraft.rotten_flesh":4,"stat.mineBlock.defiledlands.hephaestite_ore":3,"stat.jump":1738,"stat.pickup.minecraft.coal":21,"stat.fallOneCm":41660,"stat.pickup.minecraft.iron_ingot":12,"stat.pickup.simpleores.tin_ore":6,"stat.killEntity.NinjaSkeleton":1,"stat.pickup.minecraft.carrot":16,"stat.useItem.minecraft.stone_axe":2,"stat.killEntity.redtankknight":2,"stat.pickup.minecraft.gunpowder":4,"stat.useItem.medieval_craft.longsword":88,"stat.crouchOneCm":8588,"stat.pickup.minecraft.spider_eye":9,"stat.killEntity.FlyingSpider":1,"stat.pickup.minecraft.dirt":42,"stat.craftingTableInteraction":20,"stat.pickup.minecraft.iron_ore":16,"stat.useItem.minecraft.sapling":3,"stat.mineBlock.minecraft.iron_bars":26,"stat.pickup.minecraft.iron_axe":2,"stat.pickup.minecraft.cookie":6,"stat.pickup.defiledlands.book_wyrm_scale":8,"stat.mineBlock.minecraft.log2":2,"stat.useItem.chisel.marble2":1,"stat.damageTaken":6810,"stat.pickup.minecraft.leather":8,"stat.pickup.minecraft.feather":2,"stat.pickup.medieval_craft.longsword":1,"stat.mineBlock.minecraft.furnace":3,"stat.mineBlock.minecraft.torch":23,"stat.useItem.minecraft.wooden_pickaxe":51,"stat.pickup.minecraft.magma_cream":1,"stat.pickup.minecraft.log2":1,"stat.killEntity.redknight":13,"stat.pickup.minecraft.planks":18,"stat.killEntity.HungrySpider":1,"stat.pickup.chisel.limestone2":1,"stat.pickup.minecraft.bed":4,"tombstone:undead_killed":52,"stat.pickup.minecraft.wheat_seeds":2,"stat.pickup.minecraft.potato":6,"stat.mineBlock.minecraft.gravel":6,"stat.useItem.minecraft.stone_pickaxe":255,"stat.mineBlock.minecraft.glass":2,"stat.useItem.minecraft.stone_sword":132,"stat.craftItem.minecraft.iron_leggings":1,"stat.damageDealt":24981,"stat.sleepInBed":2,"stat.killEntity.DesertSpider":1,"stat.killEntity.FishingZombie":1,"stat.craftItem.minecraft.baked_potato":4,"stat.pickup.chococraft.gysahl_green":11,"stat.killEntity.Cow":4,"stat.mineBlock.minecraft.dirt":40,"stat.pickup.minecraft.chainmail_boots":2,"stat.mineBlock.simpleores.copper_ore":2,"stat.useItem.minecraft.iron_bars":10,"stat.walkOneCm":479959,"stat.useItem.minecraft.torch":24,"stat.useItem.minecraft.bread":4,"stat.pickup.minecraft.stick":2,"stat.useItem.medieval_craft.steelsword":259,"stat.pickup.minecraft.iron_nugget":2,"stat.killEntity.magma_monster":3,"stat.pickup.minecraft.crafting_table":8,"stat.useItem.minecraft.cobblestone":150,"stat.craftItem.minecraft.crafting_table":7,"stat.useItem.minecraft.gravel":1,"stat.pickup.minecraft.iron_hoe":1,"stat.pickup.minecraft.log":34,"stat.useItem.minecraft.cooked_fish":8,"stat.useItem.minecraft.melon":2,"stat.pickup.minecraft.iron_pickaxe":1,"stat.useItem.tombstone.gift":1,"stat.drop.minecraft.leather_chestplate":2,"stat.drop.chisel.marble2":1,"stat.drop.minecraft.carrot":6,"stat.killEntity.PaleSpider":1,"stat.pickup.minecraft.stone":22,"stat.pickup.medieval_craft.heavyplatearmorhelmet":2,"stat.pickup.minecraft.sapling":7,"stat.pickup.minecraft.apple":3,"stat.drop.chococraft.gysahl_green_seeds":31,"stat.killEntity.Skeleton":10,"stat.killEntity.magma_monster_grunt":1,"stat.mineBlock.minecraft.stonebrick":4,"stat.craftItem.minecraft.planks":136,"stat.useItem.minecraft.iron_sword":166,"stat.killEntity.GiantSkeleton":1,"stat.pickup.defiledlands.stone_defiled":1,"stat.killEntity.Spider":15,"stat.pickup.minecraft.stone_sword":1,"stat.pickup.minecraft.bread":2,"stat.pickup.minecraft.dark_oak_stairs":2,"stat.mobKills":145,"stat.useItem.minecraft.stonebrick":1,"stat.mineBlock.minecraft.log":35,"stat.useItem.minecraft.golden_apple":1,"stat.drop.minecraft.leather_leggings":3,"stat.mineBlock.minecraft.leaves":31,"stat.pickup.minecraft.torch":21,"stat.entityKilledBy.redtankknight":1,"stat.pickup.minecraft.spruce_stairs":2,"stat.sneakTime":2541,"stat.pickup.minecraft.wool":4,"stat.killEntity.BabySpider":4,"stat.killEntity.betteranimalsplus.badger":1,"stat.useItem.minecraft.baked_potato":4,"stat.mineBlock.minecraft.stone":184}