{"stat.mineBlock.simpleores.copper_ore":2,"stat.walkOneCm":24351,"stat.craftItem.minecraft.bed":1,"stat.pickup.betteranimalsplus.antler":2,"stat.pickup.minecraft.crafting_table":2,"stat.craftItem.minecraft.crafting_table":1,"stat.furnaceInteraction":5,"stat.useItem.minecraft.apple":1,"stat.pickup.betteranimalsplus.venisonraw":1,"stat.pickup.minecraft.log":11,"stat.craftItem.minecraft.leather_helmet":1,"stat.jump":326,"stat.swimOneCm":2157,"stat.fallOneCm":9817,"stat.pickup.minecraft.beef":9,"stat.useItem.minecraft.cooked_mutton":3,"stat.pickup.minecraft.furnace":1,"stat.pickup.simpleores.tin_ore":5,"stat.useItem.minecraft.stone_axe":2,"stat.craftItem.minecraft.stone_slab2":0,"stat.pickup.minecraft.sapling":5,"stat.pickup.minecraft.dirt":16,"stat.sprintOneCm":103227,"stat.useItem.minecraft.stone_slab2":8,"stat.pickup.minecraft.apple":1,"stat.craftItem.minecraft.stick":8,"stat.craftingTableInteraction":6,"stat.drop.chococraft.gysahl_green_seeds":2,"stat.craftItem.minecraft.furnace":1,"stat.useItem.minecraft.sapling":3,"stat.craftItem.minecraft.planks":44,"stat.pickup.futuremc.lily_of_the_valley":1,"stat.mineBlock.simpleores.tin_ore":5,"stat.craftItem.minecraft.stone_axe":1,"stat.damageTaken":180,"stat.mineBlock.minecraft.crafting_table":2,"stat.pickup.minecraft.leather":6,"stat.pickup.minecraft.feather":2,"stat.craftItem.minecraft.stone_pickaxe":1,"stat.mineBlock.minecraft.furnace":1,"stat.useItem.minecraft.wooden_pickaxe":32,"stat.pickup.simpleores.copper_ore":2,"stat.pickup.minecraft.cobblestone":34,"stat.mobKills":11,"stat.mineBlock.minecraft.log":11,"stat.pickup.chococraft.gysahl_green_seeds":2,"stat.useItem.betteranimalsplus.venisonraw":1,"stat.craftItem.minecraft.stone_sword":1,"stat.flyOneCm":41462,"stat.pickup.minecraft.bed":2,"stat.killEntity.betteranimalsplus.songbird":1,"stat.drop":2,"stat.mineBlock.minecraft.leaves":19,"stat.playOneMinute":15990,"stat.killEntity.betteranimalsplus.deer":1,"stat.killEntity.Sheep":4,"stat.useItem.minecraft.stone_pickaxe":11,"stat.useItem.minecraft.stone_sword":35,"stat.pickup.minecraft.wool":4,"stat.damageDealt":1065,"stat.sleepInBed":2,"stat.killEntity.betteranimalsplus.badger":1,"stat.timeSinceDeath":15990,"stat.killEntity.Cow":4,"stat.mineBlock.minecraft.dirt":16,"stat.craftItem.minecraft.wooden_pickaxe":1,"stat.mineBlock.minecraft.stone":35,"stat.craftItem.minecraft.cooked_mutton":7,"stat.mineBlock.minecraft.tallgrass":1,"stat.pickup.minecraft.mutton":7,"stat.diveOneCm":1641}