{"stat.pickup.minecraft.log":11,"stat.flyOneCm":2694,"stat.walkOneCm":4354,"stat.jump":49,"stat.mineBlock.minecraft.leaves":2,"stat.playOneMinute":3990,"stat.fallOneCm":335,"stat.craftItem.minecraft.planks":44,"stat.damageTaken":10,"stat.craftItem.minecraft.crafting_table":1,"stat.craftItem.minecraft.stone_pickaxe":1,"stat.timeSinceDeath":3990,"stat.useItem.minecraft.wooden_pickaxe":32,"stat.pickup.minecraft.dirt":16,"stat.sprintOneCm":8948,"stat.mineBlock.minecraft.dirt":16,"stat.pickup.minecraft.cobblestone":31,"stat.useItem.minecraft.stone_slab2":2,"stat.mineBlock.minecraft.log":11,"stat.craftItem.minecraft.wooden_pickaxe":1,"stat.mineBlock.minecraft.stone":32,"stat.craftItem.minecraft.stick":8,"stat.craftingTableInteraction":2}