{"stat.pickup.defiledlands.hephaestite":8,"stat.chestOpened":23,"stat.cakeSlicesEaten":7,"stat.pickup.betteranimalsplus.antler":2,"stat.pickup.minecraft.gravel":1,"stat.mineBlock.minecraft.cobblestone":17,"stat.useItem.minecraft.apple":3,"stat.pickup.betteranimalsplus.venisonraw":1,"stat.useItem.minecraft.potion":2,"stat.mineBlock.defiledlands.hephaestite_ore":3,"stat.jump":605,"stat.swimOneCm":3072,"stat.pickup.minecraft.coal":19,"stat.fallOneCm":15900,"stat.climbOneCm":180,"stat.mineBlock.minecraft.web":3,"stat.mineBlock.minecraft.spruce_stairs":1,"stat.pickup.simpleores.tin_ore":5,"stat.pickup.minecraft.carrot":4,"stat.useItem.minecraft.stone_axe":2,"stat.crouchOneCm":1164,"stat.pickup.minecraft.spider_eye":2,"stat.pickup.minecraft.dirt":16,"stat.useItem.minecraft.stone_slab2":17,"stat.craftingTableInteraction":10,"stat.pickup.minecraft.iron_ore":5,"stat.craftItem.minecraft.furnace":1,"stat.useItem.minecraft.sapling":3,"stat.mineBlock.minecraft.iron_bars":12,"stat.craftItem.minecraft.stone_axe":1,"stat.pickup.defiledlands.book_wyrm_scale":8,"stat.damageTaken":1277,"stat.pickup.minecraft.leather":8,"stat.pickup.minecraft.feather":2,"stat.craftItem.minecraft.stone_pickaxe":2,"stat.mineBlock.minecraft.furnace":2,"stat.drop.betteranimalsplus.antler":2,"stat.mineBlock.minecraft.torch":1,"stat.useItem.minecraft.wooden_pickaxe":37,"stat.craftItem.minecraft.cooked_beef":9,"stat.pickup.simpleores.copper_ore":2,"stat.pickup.minecraft.cobblestone":51,"stat.pickup.minecraft.magma_cream":1,"stat.craftItem.minecraft.stone_sword":1,"stat.flyOneCm":77914,"stat.pickup.minecraft.bed":3,"tombstone:undead_killed":5,"stat.pickup.minecraft.chainmail_chestplate":1,"stat.pickup.minecraft.wheat_seeds":1,"stat.pickup.minecraft.potato":1,"stat.pickup.minecraft.fish":1,"stat.killEntity.betteranimalsplus.deer":1,"stat.mineBlock.minecraft.gravel":1,"stat.useItem.minecraft.stone_pickaxe":66,"stat.useItem.minecraft.cooked_beef":1,"stat.useItem.minecraft.stone_sword":115,"stat.damageDealt":4479,"stat.mineBlock.minecraft.iron_ore":5,"stat.sleepInBed":2,"stat.killEntity.DesertSpider":1,"stat.timeSinceDeath":15022,"stat.killEntity.FishingZombie":1,"stat.killEntity.Cow":4,"stat.mineBlock.minecraft.dirt":16,"stat.craftItem.minecraft.wooden_pickaxe":2,"stat.pickup.minecraft.mutton":7,"stat.mineBlock.simpleores.copper_ore":2,"stat.useItem.minecraft.iron_bars":5,"stat.walkOneCm":102322,"stat.craftItem.minecraft.bed":1,"stat.useItem.minecraft.torch":1,"stat.useItem.minecraft.potato":1,"stat.pickup.minecraft.iron_nugget":2,"stat.killEntity.magma_monster":1,"stat.mineBlock.chisel.marble2":1,"stat.pickup.minecraft.crafting_table":5,"stat.useItem.minecraft.cobblestone":28,"stat.craftItem.minecraft.crafting_table":2,"stat.furnaceInteraction":7,"stat.mineBlock.minecraft.coal_ore":20,"stat.pickup.minecraft.log":15,"stat.craftItem.minecraft.leather_helmet":2,"stat.pickup.minecraft.string":4,"stat.useItem.minecraft.cooked_fish":4,"stat.useItem.minecraft.melon":2,"stat.pickup.minecraft.beef":9,"stat.useItem.minecraft.cooked_mutton":7,"stat.pickup.minecraft.furnace":2,"stat.useItem.tombstone.gift":1,"stat.craftItem.minecraft.stone_slab2":0,"stat.mineBlock.defiledlands.conjuring_altar":1,"stat.pickup.minecraft.sapling":5,"stat.sprintOneCm":270064,"stat.pickup.minecraft.apple":1,"stat.craftItem.minecraft.stick":12,"stat.drop.chococraft.gysahl_green_seeds":2,"stat.craftItem.minecraft.planks":56,"stat.useItem.minecraft.iron_sword":23,"stat.pickup.futuremc.lily_of_the_valley":1,"stat.mineBlock.simpleores.tin_ore":5,"stat.pickup.defiledlands.stone_defiled":1,"stat.mineBlock.minecraft.crafting_table":5,"stat.killEntity.Spider":3,"stat.useItem.minecraft.carrot":5,"stat.mobKills":28,"stat.mineBlock.minecraft.log":15,"stat.pickup.chococraft.gysahl_green_seeds":2,"stat.useItem.betteranimalsplus.venisonraw":1,"stat.deaths":1,"stat.killEntity.betteranimalsplus.songbird":1,"stat.drop":7,"stat.mineBlock.minecraft.leaves":24,"stat.playOneMinute":39990,"stat.craftItem.minecraft.leather_chestplate":1,"stat.pickup.minecraft.torch":1,"stat.killEntity.Sheep":4,"stat.drop.tombstone.grave_key":1,"stat.pickup.minecraft.spruce_stairs":1,"stat.sneakTime":286,"stat.pickup.minecraft.wool":4,"stat.killEntity.defiledlands.book_wyrm":4,"stat.killEntity.betteranimalsplus.badger":1,"stat.killEntity.Zombie":2,"stat.pickup.minecraft.iron_bars":12,"stat.drop.minecraft.glass_bottle":2,"stat.mineBlock.minecraft.stone":35,"stat.pickup.chisel.marble2":1,"stat.craftItem.minecraft.cooked_mutton":7,"stat.mineBlock.minecraft.tallgrass":1,"stat.diveOneCm":1641}