{"stat.pickup.defiledlands.hephaestite":8,"stat.chestOpened":7,"stat.pickup.betteranimalsplus.antler":2,"stat.pickup.minecraft.gravel":1,"stat.useItem.minecraft.apple":2,"stat.pickup.betteranimalsplus.venisonraw":1,"stat.mineBlock.defiledlands.hephaestite_ore":3,"stat.jump":538,"stat.swimOneCm":3072,"stat.pickup.minecraft.coal":19,"stat.fallOneCm":15900,"stat.climbOneCm":180,"stat.pickup.simpleores.tin_ore":5,"stat.useItem.minecraft.stone_axe":2,"stat.pickup.minecraft.dirt":16,"stat.useItem.minecraft.stone_slab2":12,"stat.craftingTableInteraction":7,"stat.pickup.minecraft.iron_ore":5,"stat.craftItem.minecraft.furnace":1,"stat.useItem.minecraft.sapling":3,"stat.mineBlock.minecraft.iron_bars":6,"stat.craftItem.minecraft.stone_axe":1,"stat.pickup.defiledlands.book_wyrm_scale":8,"stat.damageTaken":767,"stat.pickup.minecraft.leather":6,"stat.pickup.minecraft.feather":2,"stat.craftItem.minecraft.stone_pickaxe":1,"stat.mineBlock.minecraft.furnace":2,"stat.drop.betteranimalsplus.antler":2,"stat.useItem.minecraft.wooden_pickaxe":32,"stat.craftItem.minecraft.cooked_beef":9,"stat.pickup.simpleores.copper_ore":2,"stat.pickup.minecraft.cobblestone":34,"stat.craftItem.minecraft.stone_sword":1,"stat.flyOneCm":72804,"stat.pickup.minecraft.bed":2,"stat.killEntity.betteranimalsplus.deer":1,"stat.mineBlock.minecraft.gravel":1,"stat.useItem.minecraft.stone_pickaxe":48,"stat.useItem.minecraft.cooked_beef":1,"stat.useItem.minecraft.stone_sword":55,"stat.damageDealt":1482,"stat.mineBlock.minecraft.iron_ore":5,"stat.sleepInBed":2,"stat.timeSinceDeath":3022,"stat.killEntity.Cow":4,"stat.mineBlock.minecraft.dirt":16,"stat.craftItem.minecraft.wooden_pickaxe":2,"stat.pickup.minecraft.mutton":7,"stat.mineBlock.simpleores.copper_ore":2,"stat.walkOneCm":60574,"stat.craftItem.minecraft.bed":1,"stat.mineBlock.chisel.marble2":1,"stat.pickup.minecraft.crafting_table":3,"stat.craftItem.minecraft.crafting_table":2,"stat.furnaceInteraction":7,"stat.mineBlock.minecraft.coal_ore":20,"stat.pickup.minecraft.log":15,"stat.craftItem.minecraft.leather_helmet":1,"stat.useItem.minecraft.melon":2,"stat.pickup.minecraft.beef":9,"stat.useItem.minecraft.cooked_mutton":7,"stat.pickup.minecraft.furnace":2,"stat.useItem.tombstone.gift":1,"stat.craftItem.minecraft.stone_slab2":0,"stat.mineBlock.defiledlands.conjuring_altar":1,"stat.pickup.minecraft.sapling":5,"stat.sprintOneCm":183244,"stat.pickup.minecraft.apple":1,"stat.craftItem.minecraft.stick":12,"stat.drop.chococraft.gysahl_green_seeds":2,"stat.craftItem.minecraft.planks":56,"stat.pickup.futuremc.lily_of_the_valley":1,"stat.mineBlock.simpleores.tin_ore":5,"stat.pickup.defiledlands.stone_defiled":1,"stat.mineBlock.minecraft.crafting_table":3,"stat.mobKills":15,"stat.mineBlock.minecraft.log":15,"stat.pickup.chococraft.gysahl_green_seeds":2,"stat.useItem.betteranimalsplus.venisonraw":1,"stat.deaths":1,"stat.killEntity.betteranimalsplus.songbird":1,"stat.drop":5,"stat.mineBlock.minecraft.leaves":24,"stat.playOneMinute":27990,"stat.killEntity.Sheep":4,"stat.drop.tombstone.grave_key":1,"stat.pickup.minecraft.wool":4,"stat.killEntity.defiledlands.book_wyrm":4,"stat.killEntity.betteranimalsplus.badger":1,"stat.pickup.minecraft.iron_bars":6,"stat.mineBlock.minecraft.stone":35,"stat.pickup.chisel.marble2":1,"stat.craftItem.minecraft.cooked_mutton":7,"stat.mineBlock.minecraft.tallgrass":1,"stat.diveOneCm":1641}