{"stat.useItem.minecraft.bow":75,"stat.pickup.betteranimalsplus.antler":2,"stat.leaveGame":1,"stat.pickup.medieval_craft.ingotsteel":20,"stat.useItem.minecraft.planks":80,"stat.drop.chococraft.chocobo_feather":1,"stat.mineBlock.minecraft.web":8,"stat.drop.minecraft.feather":1,"stat.drop.minecraft.bowl":56,"stat.pickup.minecraft.porkchop":5,"stat.mineBlock.minecraft.stone_brick_stairs":3,"stat.pickup.minecraft.rotten_flesh":27,"stat.drop.animalium.wild_dog_pelt":1,"stat.pickup.minecraft.sand":2,"stat.craftItem.minecraft.stone_axe":1,"stat.killEntity.red_soldier":18,"stat.pickup.animalium.wild_dog_pelt":1,"stat.pickup.farlanders.titan_hide":5,"stat.pickup.medieval_craft.steelsword":1,"stat.pickup.minecraft.leather_boots":2,"stat.craftItem.minecraft.stone_sword":2,"stat.pickup.minecraft.chainmail_chestplate":2,"stat.drop.xlfoodmod.corn_seeds":1,"stat.mineBlock.minecraft.sand":2,"stat.mineBlock.minecraft.end_stone":1,"stat.pickup.xlfoodmod.strawberry_seeds":1,"stat.useItem.minecraft.iron_pickaxe":237,"stat.drop.minecraft.diamond":1,"stat.craftItem.minecraft.wooden_pickaxe":3,"stat.useItem.minecraft.iron_shovel":1,"stat.craftItem.simpleores.mythril_ingot":2,"stat.craftItem.minecraft.bed":1,"stat.pickup.defiledlands.scuronotte":1,"stat.mineBlock.chisel.marble2":6,"stat.furnaceInteraction":34,"stat.useItem.minecraft.dark_oak_stairs":1,"stat.pickup.medieval_craft.heavyplatearmorlegs":1,"stat.drop.defiledlands.scuronotte":1,"stat.craftItem.minecraft.leather_helmet":2,"stat.pickup.minecraft.beef":9,"stat.pickup.minecraft.furnace":3,"stat.useItem.minecraft.cooked_mutton":11,"stat.killEntity.red_archer":9,"stat.pickup.medieval_craft.heavyplatearmorboots":1,"stat.pickup.minecraft.leather_helmet":2,"stat.pickup.minecraft.iron_chestplate":1,"stat.pickup.tombstone.magic_scroll":3,"stat.pickup.mca.rose_gold_ore":4,"stat.mineBlock.defiledlands.scuronotte":1,"stat.pickup.futuremc.lily_of_the_valley":1,"stat.mineBlock.simpleores.tin_ore":11,"stat.useItem.minecraft.flint_and_steel":8,"stat.pickup.minecraft.saddle":3,"stat.deaths":10,"stat.pickup.minecraft.bowl":6,"stat.killEntity.betteranimalsplus.songbird":1,"stat.pickup.minecraft.egg":1,"stat.playOneMinute":288040,"stat.drop.minecraft.string":2,"stat.craftItem.minecraft.iron_pickaxe":1,"stat.pickup.minecraft.iron_bars":26,"stat.drop.minecraft.glass_bottle":4,"stat.pickup.chisel.marble2":6,"stat.craftItem.minecraft.cooked_mutton":7,"stat.mineBlock.minecraft.tallgrass":17,"stat.pickup.minecraft.cooked_mutton":4,"stat.chestOpened":79,"stat.craftItem.medieval_craft.steelsword":1,"stat.useItem.minecraft.fish":2,"stat.useItem.minecraft.stone":23,"stat.pickup.minecraft.iron_sword":3,"stat.pickup.minecraft.arrow":30,"stat.killEntity.GatlingSkeleton":1,"stat.pickup.betteranimalsplus.venisonraw":1,"stat.fallOneCm":118374,"stat.drop.xlfoodmod.strawberry_seeds":1,"stat.pickup.simpleores.tin_ore":6,"stat.killEntity.NinjaSkeleton":1,"stat.pickup.minecraft.carrot":16,"stat.killEntity.redtankknight":5,"stat.crouchOneCm":11876,"stat.killEntity.FlyingSpider":1,"stat.craftItem.minecraft.iron_ingot":18,"stat.craftItem.minecraft.chest":1,"stat.drop.minecraft.mushroom_stew":1,"stat.craftingTableInteraction":28,"stat.pickup.minecraft.mushroom_stew":2,"stat.pickup.defiledlands.book_wyrm_scale":8,"stat.mineBlock.minecraft.log2":2,"stat.useItem.chisel.marble2":1,"stat.pickup.minecraft.feather":3,"stat.pickup.medieval_craft.longsword":1,"stat.drop.minecraft.bone":6,"stat.craftItem.mca.rose_gold_ingot":4,"stat.entityKilledBy.red_soldier":1,"stat.pickup.minecraft.planks":25,"stat.killEntity.HungrySpider":1,"stat.pickup.chisel.limestone2":3,"stat.pickup.minecraft.wheat_seeds":3,"stat.mineBlock.simpleores.mythril_ore":4,"stat.mineBlock.minecraft.gravel":7,"stat.useItem.minecraft.stone_pickaxe":255,"stat.pickup.waystones.waystone":2,"stat.mineBlock.minecraft.glass":2,"stat.useItem.minecraft.stone_sword":132,"stat.craftItem.minecraft.iron_leggings":1,"stat.pickup.farlanders.endumium_crystal":4,"stat.killEntity.DesertSpider":1,"stat.mineBlock.xlfoodmod.grass":1,"stat.mineBlock.minecraft.dirt":50,"stat.pickup.minecraft.chainmail_boots":2,"stat.drop.minecraft.stick":4,"stat.mineBlock.simpleores.copper_ore":2,"stat.useItem.minecraft.iron_bars":10,"stat.useItem.minecraft.torch":24,"stat.useItem.minecraft.bread":4,"stat.pickup.minecraft.iron_nugget":2,"stat.drop.minecraft.porkchop":4,"stat.pickup.minecraft.crafting_table":10,"stat.useItem.minecraft.cobblestone":180,"stat.craftItem.minecraft.crafting_table":7,"stat.useItem.minecraft.gravel":1,"stat.craftItem.minecraft.boat":2,"stat.pickup.minecraft.iron_hoe":1,"stat.pickup.minecraft.log":44,"stat.useItem.minecraft.cooked_fish":8,"stat.drop.minecraft.chicken":1,"stat.pickup.minecraft.iron_pickaxe":1,"stat.drop.minecraft.carrot":6,"stat.killEntity.PaleSpider":1,"stat.drop.minecraft.planks":4,"stat.drop.minecraft.sapling":4,"stat.pickup.minecraft.chicken":1,"stat.pickup.medieval_craft.heavyplatearmorhelmet":4,"stat.pickup.minecraft.sapling":12,"stat.pickup.minecraft.apple":3,"stat.craftItem.minecraft.planks":176,"stat.useItem.minecraft.iron_sword":166,"stat.drop.medieval_craft.steelsword":1,"stat.pickup.minecraft.stone_sword":2,"stat.useItem.minecraft.stonebrick":3,"stat.mineBlock.minecraft.log":45,"stat.drop.medieval_craft.heavyplatearmorhelmet":1,"stat.mineBlock.farlanders.endumium_ore":4,"stat.drop.minecraft.leather_leggings":3,"stat.pickup.minecraft.red_flower":1,"stat.sneakTime":5047,"stat.pickup.minecraft.wool":4,"stat.killEntity.BabySpider":4,"stat.killEntity.betteranimalsplus.badger":1,"stat.useItem.minecraft.baked_potato":4,"stat.pickup.minecraft.cooked_fish":6,"stat.pickup.defiledlands.hephaestite":8,"stat.cakeSlicesEaten":7,"stat.pickup.minecraft.bone":28,"stat.useItem.minecraft.mushroom_stew":104,"stat.useItem.minecraft.iron_axe":110,"stat.killEntity.HuskZombie":1,"stat.mineBlock.minecraft.cobblestone":24,"stat.pickup.minecraft.flint":1,"stat.mineBlock.minecraft.yellow_flower":1,"stat.pickup.minecraft.leather_chestplate":3,"stat.mineBlock.minecraft.stained_glass_pane":10,"stat.swimOneCm":25156,"stat.climbOneCm":14889,"stat.mineBlock.minecraft.spruce_stairs":7,"stat.pickup.chococraft.chocobo_drumstick_raw":3,"stat.useItem.chococraft.gysahl_green":11,"stat.useItem.minecraft.cookie":6,"stat.useItem.minecraft.dirt":11,"stat.killEntity.betteranimalsplus.boar":2,"stat.useItem.minecraft.stone_slab2":91,"stat.pickup.minecraft.bow":4,"stat.pickup.minecraft.iron_boots":3,"stat.craftItem.minecraft.furnace":4,"stat.useItem.minecraft.egg":1,"stat.killEntity.SniperSkeleton":1,"stat.drop.betteranimalsplus.antler":2,"stat.craftItem.minecraft.stone_pickaxe":3,"stat.craftItem.minecraft.cooked_beef":9,"stat.pickup.simpleores.copper_ore":2,"stat.pickup.minecraft.shears":1,"stat.killEntity.betteranimalsplus.crab":2,"stat.pickup.minecraft.cobblestone":282,"stat.mineBlock.chisel.limestone2":3,"stat.flyOneCm":628280,"stat.pickup.minecraft.fish":2,"stat.killEntity.betteranimalsplus.deer":1,"stat.drop.minecraft.wheat_seeds":1,"stat.useItem.minecraft.cooked_beef":1,"stat.pickup.minecraft.redstone":10,"stat.mineBlock.minecraft.iron_ore":34,"stat.timeSinceDeath":41850,"stat.pickup.chococraft.lovely_gysahl_green":13,"stat.pickup.minecraft.mutton":7,"stat.mineBlock.xlfoodmod.vanilla_flower":1,"stat.pickup.travelersbackpack.travelers_backpack":1,"stat.useItem.minecraft.potato":2,"stat.pickup.minecraft.chainmail_helmet":1,"stat.pickup.minecraft.stonebrick":6,"stat.drop.minecraft.flint_and_steel":1,"stat.pickup.minecraft.iron_shovel":1,"stat.useItem.minecraft.cooked_porkchop":1,"stat.mineBlock.minecraft.coal_ore":24,"stat.drop.waystones.waystone":1,"stat.pickup.chococraft.chocobo_feather":1,"stat.pickup.minecraft.shield":2,"stat.talkedToVillager":30,"stat.pickup.minecraft.string":33,"stat.pickup.xlfoodmod.corn_seeds":1,"stat.pickup.tombstone.crafting_ingredient":8,"stat.entityKilledBy.Skeleton":1,"stat.craftItem.minecraft.stone_slab2":0,"stat.pickup.simpleores.mythril_ingot":1,"stat.mineBlock.defiledlands.conjuring_altar":1,"stat.entityKilledBy.redknight":2,"stat.sprintOneCm":1282915,"stat.killEntity.betteranimalsplus.pheasant":1,"stat.entityKilledBy.magma_monster_grunt":1,"stat.craftItem.minecraft.stick":24,"stat.useItem.tombstone.magic_scroll":8,"stat.mineBlock.minecraft.crafting_table":10,"stat.waystones:waystonesActivated":1,"stat.useItem.minecraft.carrot":11,"stat.pickup.minecraft.leather_leggings":4,"stat.pickup.chococraft.gysahl_green_seeds":108,"stat.useItem.betteranimalsplus.venisonraw":1,"stat.mineBlock.minecraft.planks":23,"stat.drop":162,"stat.craftItem.minecraft.leather_chestplate":1,"stat.drop.tombstone.grave_key":1,"stat.killEntity.Sheep":4,"stat.killEntity.defiledlands.book_wyrm":4,"stat.killEntity.Zombie":13,"stat.pickup.minecraft.fire_charge":2,"stat.diveOneCm":16185,"stat.entityKilledBy.SniperSkeleton":1,"stat.drop.chococraft.chocobo_drumstick_raw":3,"stat.pickup.minecraft.gravel":6,"stat.craftItem.minecraft.cooked_porkchop":1,"stat.useItem.minecraft.apple":5,"stat.mineBlock.defiledlands.vilespine":1,"stat.useItem.minecraft.porkchop":1,"stat.useItem.minecraft.potion":4,"stat.useItem.minecraft.rotten_flesh":4,"stat.pickup.minecraft.stone_brick_stairs":2,"stat.mineBlock.defiledlands.hephaestite_ore":3,"stat.jump":4658,"stat.pickup.minecraft.coal":23,"stat.pickup.minecraft.iron_ingot":18,"stat.useItem.minecraft.stone_axe":2,"stat.pickup.minecraft.gunpowder":4,"stat.useItem.medieval_craft.longsword":286,"stat.pickup.minecraft.spider_eye":9,"stat.pickup.minecraft.dirt":46,"stat.killEntity.blue_archer":4,"stat.pickup.minecraft.iron_ore":34,"stat.mineBlock.mca.rose_gold_ore":4,"stat.boatOneCm":531505,"stat.useItem.minecraft.sapling":3,"stat.mineBlock.minecraft.iron_bars":26,"stat.pickup.minecraft.iron_axe":2,"stat.pickup.minecraft.cookie":6,"stat.pickup.xlfoodmod.tomato_seeds":1,"stat.mineBlock.minecraft.glass_pane":2,"stat.damageTaken":10139,"stat.pickup.minecraft.leather":8,"stat.mineBlock.minecraft.furnace":3,"stat.mineBlock.minecraft.torch":24,"stat.mineBlock.minecraft.red_flower":3,"stat.useItem.minecraft.wooden_pickaxe":51,"stat.pickup.minecraft.magma_cream":1,"stat.drop.betteranimalsplus.pheasantraw":1,"stat.pickup.minecraft.log2":1,"stat.killEntity.redknight":19,"stat.pickup.minecraft.bed":5,"stat.drop.chococraft.gysahl_green":1,"tombstone:undead_killed":53,"stat.pickup.minecraft.potato":6,"stat.damageDealt":33734,"stat.sleepInBed":4,"stat.killEntity.FishingZombie":1,"stat.craftItem.minecraft.baked_potato":4,"stat.pickup.chococraft.gysahl_green":40,"stat.killEntity.Cow":4,"stat.pickup.minecraft.boat":2,"stat.walkOneCm":676205,"stat.pickup.minecraft.stick":4,"stat.useItem.medieval_craft.steelsword":337,"stat.pickup.simpleores.mythril_ore":3,"stat.killEntity.magma_monster":3,"stat.killEntity.piranha":17,"stat.useItem.minecraft.melon":2,"stat.useItem.tombstone.gift":2,"stat.drop.minecraft.leather_chestplate":2,"stat.drop.chisel.marble2":1,"stat.pickup.minecraft.stone":35,"stat.pickup.betteranimalsplus.pheasantraw":1,"stat.drop.chococraft.gysahl_green_seeds":43,"stat.killEntity.blue_soldier":4,"stat.killEntity.Skeleton":10,"stat.killEntity.wild_dog":1,"stat.killEntity.magma_monster_grunt":1,"stat.mineBlock.minecraft.stonebrick":11,"stat.killEntity.Chicken":1,"stat.killEntity.GiantSkeleton":1,"stat.pickup.defiledlands.stone_defiled":1,"stat.killEntity.Spider":15,"stat.pickup.minecraft.bread":2,"stat.mineBlock.waystones.waystone":2,"stat.pickup.minecraft.dark_oak_stairs":2,"stat.mobKills":195,"stat.useItem.minecraft.golden_apple":1,"stat.useItem.minecraft.boat":4,"stat.pickup.minecraft.diamond":4,"stat.mineBlock.minecraft.leaves":42,"stat.pickup.minecraft.torch":23,"stat.entityKilledBy.redtankknight":3,"stat.pickup.minecraft.spruce_stairs":5,"stat.mineBlock.minecraft.redstone_ore":4,"stat.drop.xlfoodmod.tomato_seeds":1,"stat.mineBlock.minecraft.stone":362}