{"stat.pickup.defiledlands.hephaestite":8,"stat.chestOpened":34,"stat.cakeSlicesEaten":7,"stat.pickup.minecraft.bone":10,"stat.useItem.minecraft.fish":1,"stat.pickup.betteranimalsplus.antler":2,"stat.useItem.minecraft.iron_axe":32,"stat.pickup.minecraft.gravel":3,"stat.pickup.minecraft.iron_sword":2,"stat.pickup.minecraft.arrow":19,"stat.mineBlock.minecraft.cobblestone":19,"stat.killEntity.GatlingSkeleton":1,"stat.useItem.minecraft.apple":4,"stat.pickup.minecraft.leather_chestplate":2,"stat.pickup.betteranimalsplus.venisonraw":1,"stat.useItem.minecraft.potion":3,"stat.useItem.minecraft.rotten_flesh":4,"stat.mineBlock.defiledlands.hephaestite_ore":3,"stat.jump":767,"stat.swimOneCm":3072,"stat.pickup.minecraft.coal":19,"stat.fallOneCm":18558,"stat.climbOneCm":180,"stat.mineBlock.minecraft.web":4,"stat.mineBlock.minecraft.spruce_stairs":1,"stat.pickup.simpleores.tin_ore":5,"stat.killEntity.NinjaSkeleton":1,"stat.pickup.minecraft.carrot":9,"stat.useItem.minecraft.stone_axe":2,"stat.pickup.minecraft.gunpowder":4,"stat.crouchOneCm":3992,"stat.pickup.minecraft.spider_eye":4,"stat.killEntity.FlyingSpider":1,"stat.pickup.minecraft.dirt":17,"stat.useItem.chococraft.gysahl_green":11,"stat.useItem.minecraft.cookie":6,"stat.useItem.minecraft.stone_slab2":26,"stat.pickup.minecraft.bow":1,"stat.pickup.minecraft.iron_boots":2,"stat.craftingTableInteraction":13,"stat.pickup.minecraft.iron_ore":5,"stat.pickup.minecraft.rotten_flesh":4,"stat.craftItem.minecraft.furnace":3,"stat.useItem.minecraft.sapling":3,"stat.mineBlock.minecraft.iron_bars":18,"stat.pickup.minecraft.iron_axe":1,"stat.pickup.minecraft.cookie":6,"stat.craftItem.minecraft.stone_axe":1,"stat.pickup.defiledlands.book_wyrm_scale":8,"stat.damageTaken":2767,"stat.pickup.minecraft.leather":8,"stat.pickup.minecraft.feather":2,"stat.craftItem.minecraft.stone_pickaxe":2,"stat.mineBlock.minecraft.furnace":3,"stat.drop.betteranimalsplus.antler":2,"stat.mineBlock.minecraft.torch":2,"stat.useItem.minecraft.wooden_pickaxe":37,"stat.craftItem.minecraft.cooked_beef":9,"stat.pickup.simpleores.copper_ore":2,"stat.pickup.minecraft.cobblestone":53,"stat.pickup.minecraft.magma_cream":1,"stat.pickup.minecraft.leather_boots":1,"stat.pickup.minecraft.planks":1,"stat.craftItem.minecraft.stone_sword":2,"stat.killEntity.HungrySpider":1,"stat.flyOneCm":90829,"stat.pickup.minecraft.bed":3,"tombstone:undead_killed":20,"stat.pickup.minecraft.chainmail_chestplate":2,"stat.pickup.minecraft.wheat_seeds":2,"stat.pickup.minecraft.potato":6,"stat.pickup.minecraft.fish":1,"stat.killEntity.betteranimalsplus.deer":1,"stat.mineBlock.minecraft.gravel":3,"stat.useItem.minecraft.stone_pickaxe":81,"stat.useItem.minecraft.cooked_beef":1,"stat.mineBlock.minecraft.glass":2,"stat.useItem.minecraft.stone_sword":132,"stat.damageDealt":10831,"stat.mineBlock.minecraft.iron_ore":5,"stat.sleepInBed":2,"stat.killEntity.DesertSpider":1,"stat.timeSinceDeath":45022,"stat.killEntity.FishingZombie":1,"stat.craftItem.minecraft.baked_potato":4,"stat.pickup.chococraft.gysahl_green":11,"stat.killEntity.Cow":4,"stat.mineBlock.minecraft.dirt":17,"stat.pickup.chococraft.lovely_gysahl_green":2,"stat.craftItem.minecraft.wooden_pickaxe":2,"stat.pickup.minecraft.chainmail_boots":1,"stat.pickup.minecraft.mutton":7,"stat.useItem.minecraft.iron_shovel":1,"stat.mineBlock.simpleores.copper_ore":2,"stat.useItem.minecraft.iron_bars":7,"stat.walkOneCm":278556,"stat.craftItem.minecraft.bed":1,"stat.useItem.minecraft.torch":2,"stat.useItem.minecraft.bread":4,"stat.useItem.minecraft.potato":2,"stat.pickup.minecraft.iron_nugget":2,"stat.killEntity.magma_monster":2,"stat.mineBlock.chisel.marble2":1,"stat.pickup.minecraft.crafting_table":6,"stat.useItem.minecraft.cobblestone":33,"stat.craftItem.minecraft.crafting_table":3,"stat.furnaceInteraction":15,"stat.drop.minecraft.flint_and_steel":1,"stat.pickup.minecraft.iron_shovel":1,"stat.mineBlock.minecraft.coal_ore":20,"stat.pickup.minecraft.log":17,"stat.craftItem.minecraft.leather_helmet":2,"stat.pickup.minecraft.string":19,"stat.useItem.minecraft.cooked_fish":8,"stat.useItem.minecraft.melon":2,"stat.pickup.minecraft.beef":9,"stat.useItem.minecraft.cooked_mutton":11,"stat.pickup.minecraft.furnace":3,"stat.useItem.tombstone.gift":1,"stat.drop.minecraft.leather_chestplate":2,"stat.pickup.tombstone.crafting_ingredient":2,"stat.craftItem.minecraft.stone_slab2":0,"stat.killEntity.PaleSpider":1,"stat.mineBlock.defiledlands.conjuring_altar":1,"stat.pickup.minecraft.sapling":5,"stat.sprintOneCm":333457,"stat.pickup.minecraft.iron_chestplate":1,"stat.pickup.minecraft.apple":1,"stat.craftItem.minecraft.stick":12,"stat.pickup.tombstone.magic_scroll":2,"stat.drop.chococraft.gysahl_green_seeds":31,"stat.killEntity.Skeleton":5,"stat.mineBlock.minecraft.stonebrick":1,"stat.craftItem.minecraft.planks":64,"stat.useItem.minecraft.iron_sword":128,"stat.pickup.futuremc.lily_of_the_valley":1,"stat.mineBlock.simpleores.tin_ore":5,"stat.useItem.minecraft.flint_and_steel":8,"stat.pickup.defiledlands.stone_defiled":1,"stat.mineBlock.minecraft.crafting_table":6,"stat.killEntity.Spider":8,"stat.pickup.minecraft.stone_sword":1,"stat.pickup.minecraft.bread":2,"stat.useItem.minecraft.carrot":10,"stat.mobKills":59,"stat.pickup.minecraft.leather_leggings":3,"stat.mineBlock.minecraft.log":17,"stat.pickup.chococraft.gysahl_green_seeds":31,"stat.useItem.betteranimalsplus.venisonraw":1,"stat.useItem.minecraft.golden_apple":1,"stat.deaths":1,"stat.mineBlock.minecraft.planks":1,"stat.killEntity.betteranimalsplus.songbird":1,"stat.drop":43,"stat.drop.minecraft.leather_leggings":3,"stat.mineBlock.minecraft.leaves":28,"stat.playOneMinute":69990,"stat.craftItem.minecraft.leather_chestplate":1,"stat.pickup.minecraft.torch":2,"stat.killEntity.Sheep":4,"stat.drop.tombstone.grave_key":1,"stat.pickup.minecraft.spruce_stairs":1,"stat.sneakTime":761,"stat.pickup.minecraft.wool":4,"stat.killEntity.defiledlands.book_wyrm":4,"stat.killEntity.BabySpider":4,"stat.killEntity.betteranimalsplus.badger":1,"stat.killEntity.Zombie":2,"stat.useItem.minecraft.baked_potato":4,"stat.pickup.minecraft.iron_bars":16,"stat.drop.minecraft.glass_bottle":3,"stat.mineBlock.minecraft.stone":35,"stat.pickup.chisel.marble2":1,"stat.craftItem.minecraft.cooked_mutton":7,"stat.mineBlock.minecraft.tallgrass":1,"stat.diveOneCm":1641,"stat.pickup.minecraft.cooked_mutton":4}