{"stat.pickup.defiledlands.hephaestite":8,"stat.cakeSlicesEaten":7,"stat.useItem.minecraft.bow":11,"stat.pickup.minecraft.bone":11,"stat.useItem.minecraft.mushroom_stew":14,"stat.pickup.betteranimalsplus.antler":2,"stat.useItem.minecraft.iron_axe":64,"stat.mineBlock.minecraft.cobblestone":21,"stat.pickup.minecraft.flint":1,"stat.pickup.minecraft.leather_chestplate":2,"stat.pickup.medieval_craft.ingotsteel":1,"stat.mineBlock.minecraft.stained_glass_pane":2,"stat.swimOneCm":4890,"stat.climbOneCm":4080,"stat.useItem.minecraft.planks":3,"stat.mineBlock.minecraft.web":4,"stat.mineBlock.minecraft.spruce_stairs":1,"stat.drop.minecraft.bowl":1,"stat.useItem.chococraft.gysahl_green":11,"stat.useItem.minecraft.cookie":6,"stat.useItem.minecraft.dirt":5,"stat.useItem.minecraft.stone_slab2":53,"stat.pickup.minecraft.bow":2,"stat.pickup.minecraft.iron_boots":2,"stat.pickup.minecraft.rotten_flesh":4,"stat.craftItem.minecraft.furnace":4,"stat.craftItem.minecraft.stone_axe":1,"stat.killEntity.red_soldier":2,"stat.drop.betteranimalsplus.antler":2,"stat.craftItem.minecraft.stone_pickaxe":3,"stat.craftItem.minecraft.cooked_beef":9,"stat.pickup.simpleores.copper_ore":2,"stat.pickup.minecraft.cobblestone":178,"stat.pickup.minecraft.leather_boots":1,"stat.mineBlock.chisel.limestone2":1,"stat.craftItem.minecraft.stone_sword":2,"stat.flyOneCm":153204,"stat.pickup.minecraft.chainmail_chestplate":2,"stat.pickup.minecraft.fish":1,"stat.killEntity.betteranimalsplus.deer":1,"stat.useItem.minecraft.cooked_beef":1,"stat.mineBlock.minecraft.iron_ore":16,"stat.timeSinceDeath":1453,"stat.pickup.chococraft.lovely_gysahl_green":4,"stat.craftItem.minecraft.wooden_pickaxe":3,"stat.pickup.minecraft.mutton":7,"stat.useItem.minecraft.iron_shovel":1,"stat.craftItem.minecraft.bed":1,"stat.useItem.minecraft.potato":2,"stat.mineBlock.chisel.marble2":6,"stat.pickup.minecraft.stonebrick":3,"stat.furnaceInteraction":18,"stat.drop.minecraft.flint_and_steel":1,"stat.pickup.minecraft.iron_shovel":1,"stat.useItem.minecraft.cooked_porkchop":1,"stat.mineBlock.minecraft.coal_ore":22,"stat.useItem.minecraft.dark_oak_stairs":1,"stat.craftItem.minecraft.leather_helmet":2,"stat.pickup.minecraft.string":19,"stat.pickup.minecraft.beef":9,"stat.pickup.minecraft.furnace":3,"stat.useItem.minecraft.cooked_mutton":11,"stat.pickup.tombstone.crafting_ingredient":2,"stat.entityKilledBy.Skeleton":1,"stat.craftItem.minecraft.stone_slab2":0,"stat.killEntity.red_archer":3,"stat.mineBlock.defiledlands.conjuring_altar":1,"stat.sprintOneCm":523492,"stat.pickup.minecraft.iron_chestplate":1,"stat.craftItem.minecraft.stick":20,"stat.pickup.tombstone.magic_scroll":3,"stat.useItem.tombstone.magic_scroll":8,"stat.pickup.futuremc.lily_of_the_valley":1,"stat.mineBlock.simpleores.tin_ore":6,"stat.useItem.minecraft.flint_and_steel":8,"stat.mineBlock.minecraft.crafting_table":6,"stat.useItem.minecraft.carrot":10,"stat.pickup.minecraft.leather_leggings":3,"stat.pickup.chococraft.gysahl_green_seeds":31,"stat.useItem.betteranimalsplus.venisonraw":1,"stat.deaths":4,"stat.mineBlock.minecraft.planks":5,"stat.pickup.minecraft.bowl":1,"stat.killEntity.betteranimalsplus.songbird":1,"stat.drop":45,"stat.playOneMinute":105990,"stat.craftItem.minecraft.leather_chestplate":1,"stat.drop.tombstone.grave_key":1,"stat.killEntity.Sheep":4,"stat.killEntity.defiledlands.book_wyrm":4,"stat.killEntity.Zombie":3,"stat.pickup.minecraft.iron_bars":16,"stat.drop.minecraft.glass_bottle":3,"stat.pickup.chisel.marble2":6,"stat.craftItem.minecraft.cooked_mutton":7,"stat.mineBlock.minecraft.tallgrass":1,"stat.diveOneCm":1994,"stat.pickup.minecraft.cooked_mutton":4,"stat.chestOpened":45,"stat.entityKilledBy.SniperSkeleton":1,"stat.useItem.minecraft.fish":1,"stat.useItem.minecraft.stone":18,"stat.pickup.minecraft.gravel":5,"stat.pickup.minecraft.iron_sword":2,"stat.pickup.minecraft.arrow":19,"stat.craftItem.minecraft.cooked_porkchop":1,"stat.killEntity.GatlingSkeleton":1,"stat.useItem.minecraft.apple":4,"stat.pickup.betteranimalsplus.venisonraw":1,"stat.useItem.minecraft.potion":3,"stat.useItem.minecraft.rotten_flesh":4,"stat.mineBlock.defiledlands.hephaestite_ore":3,"stat.jump":1305,"stat.pickup.minecraft.coal":21,"stat.fallOneCm":30993,"stat.pickup.minecraft.iron_ingot":4,"stat.pickup.simpleores.tin_ore":6,"stat.killEntity.NinjaSkeleton":1,"stat.pickup.minecraft.carrot":9,"stat.useItem.minecraft.stone_axe":2,"stat.pickup.minecraft.gunpowder":4,"stat.crouchOneCm":5255,"stat.pickup.minecraft.spider_eye":4,"stat.killEntity.FlyingSpider":1,"stat.pickup.minecraft.dirt":32,"stat.craftingTableInteraction":18,"stat.pickup.minecraft.iron_ore":16,"stat.useItem.minecraft.sapling":3,"stat.mineBlock.minecraft.iron_bars":18,"stat.pickup.minecraft.iron_axe":1,"stat.pickup.minecraft.cookie":6,"stat.pickup.defiledlands.book_wyrm_scale":8,"stat.mineBlock.minecraft.log2":2,"stat.useItem.chisel.marble2":1,"stat.damageTaken":4052,"stat.pickup.minecraft.leather":8,"stat.pickup.minecraft.feather":2,"stat.mineBlock.minecraft.furnace":3,"stat.mineBlock.minecraft.torch":18,"stat.useItem.minecraft.wooden_pickaxe":51,"stat.pickup.minecraft.magma_cream":1,"stat.pickup.minecraft.log2":1,"stat.killEntity.redknight":1,"stat.pickup.minecraft.planks":5,"stat.killEntity.HungrySpider":1,"stat.pickup.chisel.limestone2":1,"stat.pickup.minecraft.bed":3,"tombstone:undead_killed":21,"stat.pickup.minecraft.wheat_seeds":2,"stat.pickup.minecraft.potato":6,"stat.mineBlock.minecraft.gravel":6,"stat.useItem.minecraft.stone_pickaxe":244,"stat.mineBlock.minecraft.glass":2,"stat.useItem.minecraft.stone_sword":132,"stat.damageDealt":12026,"stat.sleepInBed":2,"stat.killEntity.DesertSpider":1,"stat.killEntity.FishingZombie":1,"stat.craftItem.minecraft.baked_potato":4,"stat.pickup.chococraft.gysahl_green":11,"stat.killEntity.Cow":4,"stat.mineBlock.minecraft.dirt":30,"stat.pickup.minecraft.chainmail_boots":1,"stat.mineBlock.simpleores.copper_ore":2,"stat.useItem.minecraft.iron_bars":7,"stat.walkOneCm":348437,"stat.useItem.minecraft.torch":17,"stat.useItem.minecraft.bread":4,"stat.pickup.minecraft.stick":2,"stat.pickup.minecraft.iron_nugget":2,"stat.killEntity.magma_monster":2,"stat.pickup.minecraft.crafting_table":6,"stat.useItem.minecraft.cobblestone":97,"stat.craftItem.minecraft.crafting_table":6,"stat.useItem.minecraft.gravel":1,"stat.pickup.minecraft.log":34,"stat.useItem.minecraft.cooked_fish":8,"stat.useItem.minecraft.melon":2,"stat.useItem.tombstone.gift":1,"stat.drop.minecraft.leather_chestplate":2,"stat.drop.chisel.marble2":1,"stat.killEntity.PaleSpider":1,"stat.pickup.minecraft.stone":22,"stat.pickup.minecraft.sapling":7,"stat.pickup.minecraft.apple":3,"stat.drop.chococraft.gysahl_green_seeds":31,"stat.killEntity.Skeleton":5,"stat.mineBlock.minecraft.stonebrick":4,"stat.craftItem.minecraft.planks":136,"stat.useItem.minecraft.iron_sword":137,"stat.pickup.defiledlands.stone_defiled":1,"stat.killEntity.Spider":8,"stat.pickup.minecraft.stone_sword":1,"stat.pickup.minecraft.bread":2,"stat.pickup.minecraft.dark_oak_stairs":2,"stat.mobKills":66,"stat.useItem.minecraft.stonebrick":1,"stat.mineBlock.minecraft.log":35,"stat.useItem.minecraft.golden_apple":1,"stat.drop.minecraft.leather_leggings":3,"stat.mineBlock.minecraft.leaves":31,"stat.pickup.minecraft.torch":18,"stat.entityKilledBy.redtankknight":1,"stat.pickup.minecraft.spruce_stairs":1,"stat.sneakTime":1381,"stat.pickup.minecraft.wool":4,"stat.killEntity.BabySpider":4,"stat.killEntity.betteranimalsplus.badger":1,"stat.useItem.minecraft.baked_potato":4,"stat.mineBlock.minecraft.stone":184}