{"stat.drop.minecraft.mutton":1,"stat.walkOneCm":106951,"stat.craftItem.minecraft.bed":1,"stat.craftItem.minecraft.crafting_table":1,"stat.furnaceInteraction":2,"stat.useItem.minecraft.apple":3,"stat.pickup.minecraft.log":195,"stat.useItem.minecraft.mutton":1,"stat.jump":303,"stat.fallOneCm":6907,"stat.pickup.minecraft.stone":18,"stat.killEntity.rat":1,"stat.crouchOneCm":491,"stat.pickup.minecraft.sapling":86,"stat.pickup.minecraft.dirt":181,"stat.useItem.minecraft.dirt":157,"stat.sprintOneCm":22485,"stat.useItem.minecraft.stone_slab2":11,"stat.pickup.minecraft.apple":4,"stat.craftItem.minecraft.stick":20,"stat.craftItem.minecraft.wooden_axe":4,"stat.craftingTableInteraction":11,"stat.craftItem.minecraft.furnace":1,"stat.craftItem.minecraft.planks":456,"stat.damageTaken":220,"stat.useItem.minecraft.wooden_pickaxe":49,"stat.useItem.minecraft.wooden_shovel":168,"stat.mobKills":7,"stat.mineBlock.minecraft.sapling":4,"stat.pickup.minecraft.cobblestone":31,"stat.mineBlock.minecraft.log":214,"stat.flyOneCm":15620,"stat.pickup.minecraft.bed":1,"stat.drop":1,"stat.pickup.minecraft.wheat_seeds":3,"stat.mineBlock.minecraft.leaves":39,"stat.playOneMinute":29265,"stat.craftItem.minecraft.wooden_shovel":3,"stat.killEntity.Sheep":6,"stat.sneakTime":181,"stat.pickup.minecraft.wool":6,"stat.damageDealt":528,"stat.sleepInBed":2,"stat.timeSinceDeath":29265,"stat.useItem.minecraft.wooden_axe":63,"stat.mineBlock.minecraft.dirt":185,"stat.craftItem.minecraft.wooden_pickaxe":1,"stat.mineBlock.minecraft.stone":49,"stat.mineBlock.minecraft.tallgrass":17,"stat.pickup.minecraft.mutton":10}