{"stat.chestOpened":10,"stat.drop.minecraft.mutton":1,"stat.pickup.minecraft.bone":1,"stat.pickup.minecraft.iron_sword":1,"stat.pickup.minecraft.arrow":3,"stat.mineBlock.minecraft.cobblestone":4,"stat.useItem.minecraft.apple":6,"stat.pickup.minecraft.leather_chestplate":2,"stat.pickup.minecraft.stone_brick_stairs":2,"stat.useItem.minecraft.mutton":1,"stat.jump":453,"stat.swimOneCm":92,"stat.pickup.minecraft.iron_helmet":1,"stat.fallOneCm":11512,"stat.useItem.minecraft.planks":12,"stat.pickup.minecraft.porkchop":2,"stat.craftItem.minecraft.bread":2,"stat.pickup.minecraft.gunpowder":2,"stat.crouchOneCm":2526,"stat.pickup.minecraft.spider_eye":2,"stat.craftItem.minecraft.chest":1,"stat.pickup.minecraft.dirt":463,"stat.useItem.minecraft.dirt":242,"stat.killEntity.betteranimalsplus.boar":2,"stat.useItem.minecraft.stone_slab2":21,"stat.mineBlock.futuremc.lily_of_the_valley":1,"stat.pickup.minecraft.iron_boots":1,"stat.drop.minecraft.iron_sword":1,"stat.craftingTableInteraction":18,"stat.mineBlock.minecraft.stone_brick_stairs":2,"stat.craftItem.minecraft.furnace":1,"stat.mineBlock.minecraft.iron_bars":5,"stat.damageTaken":1124,"stat.useItem.minecraft.stone_brick_stairs":1,"stat.craftItem.minecraft.stone_pickaxe":1,"stat.mineBlock.minecraft.torch":3,"stat.useItem.minecraft.wooden_pickaxe":49,"stat.mineBlock.minecraft.sapling":4,"stat.pickup.minecraft.cobblestone":35,"stat.pickup.minecraft.planks":1,"stat.useItem.minecraft.stone_shovel":263,"stat.craftItem.minecraft.stone_sword":2,"stat.flyOneCm":44077,"stat.pickup.minecraft.bed":1,"stat.pickup.minecraft.chainmail_chestplate":1,"tombstone:undead_killed":2,"stat.pickup.minecraft.wheat_seeds":4,"stat.useItem.minecraft.stone_pickaxe":15,"stat.useItem.minecraft.stone_sword":61,"stat.damageDealt":2461,"stat.sleepInBed":2,"stat.timeSinceDeath":1939,"stat.mineBlock.minecraft.dirt":477,"stat.craftItem.minecraft.wooden_pickaxe":1,"stat.pickup.minecraft.chainmail_boots":1,"stat.pickup.minecraft.mutton":10,"stat.mineBlock.xlfoodmod.vanilla_flower":1,"stat.craftItem.minecraft.stone_shovel":2,"stat.pickup.minecraft.flint_and_steel":1,"stat.walkOneCm":278139,"stat.craftItem.minecraft.bed":1,"stat.useItem.minecraft.torch":1,"stat.useItem.minecraft.bread":2,"stat.pickup.minecraft.iron_nugget":2,"stat.pickup.minecraft.crafting_table":1,"stat.pickup.minecraft.stonebrick":2,"stat.craftItem.minecraft.crafting_table":2,"stat.furnaceInteraction":3,"stat.pickup.minecraft.log":210,"stat.pickup.minecraft.string":1,"stat.useItem.tombstone.gift":1,"stat.useItem.minecraft.cooked_mutton":2,"stat.pickup.tombstone.crafting_ingredient":1,"stat.pickup.minecraft.stone":18,"stat.killEntity.rat":1,"stat.pickup.minecraft.sapling":101,"stat.sprintOneCm":89172,"stat.pickup.xlfoodmod.vanilla_flower":2,"stat.pickup.minecraft.apple":7,"stat.craftItem.minecraft.wooden_axe":4,"stat.craftItem.minecraft.stick":28,"stat.killEntity.Skeleton":2,"stat.mineBlock.minecraft.stonebrick":2,"stat.craftItem.minecraft.planks":456,"stat.useItem.minecraft.iron_sword":2,"stat.pickup.futuremc.lily_of_the_valley":1,"stat.killEntity.Spider":3,"stat.mineBlock.minecraft.crafting_table":1,"stat.pickup.minecraft.stone_sword":3,"stat.useItem.minecraft.wooden_shovel":168,"stat.mobKills":17,"stat.pickup.minecraft.leather_leggings":2,"stat.useItem.minecraft.stonebrick":5,"stat.mineBlock.minecraft.log":229,"stat.entityKilledBy.betteranimalsplus.boar":1,"stat.deaths":3,"stat.drop":4,"stat.mineBlock.minecraft.leaves":46,"stat.playOneMinute":59265,"stat.craftItem.minecraft.wooden_shovel":3,"stat.pickup.minecraft.torch":3,"stat.killEntity.Sheep":6,"stat.sneakTime":797,"stat.pickup.minecraft.wool":6,"stat.pickup.minecraft.iron_bars":7,"stat.drop.minecraft.bread":2,"stat.useItem.minecraft.wooden_axe":66,"stat.mineBlock.minecraft.stone":49,"stat.mineBlock.minecraft.tallgrass":22,"stat.craftItem.minecraft.cooked_mutton":8}