{"stat.chestOpened":34,"stat.drop.minecraft.mutton":1,"stat.pickup.minecraft.bone":3,"stat.useItem.minecraft.mushroom_stew":13,"stat.leaveGame":1,"stat.pickup.minecraft.iron_sword":1,"stat.pickup.minecraft.arrow":7,"stat.mineBlock.minecraft.cobblestone":6,"stat.craftItem.minecraft.cooked_porkchop":1,"stat.useItem.minecraft.apple":9,"stat.pickup.minecraft.leather_chestplate":2,"stat.craftItem.minecraft.coal":5,"stat.useItem.minecraft.rotten_flesh":1,"stat.pickup.minecraft.stone_brick_stairs":2,"stat.pickup.xlfoodmod.onion":1,"stat.useItem.minecraft.mutton":1,"stat.jump":1838,"stat.swimOneCm":2329,"stat.drop.minecraft.saddle":1,"stat.pickup.minecraft.iron_helmet":1,"stat.pickup.minecraft.coal":4,"stat.fallOneCm":55116,"stat.useItem.minecraft.planks":461,"stat.mineBlock.chisel.cobblestone1":31,"stat.useItem.minecraft.stone_axe":75,"stat.drop.minecraft.stone_sword":1,"stat.pickup.minecraft.porkchop":2,"stat.craftItem.minecraft.bread":2,"stat.pickup.minecraft.gunpowder":2,"stat.crouchOneCm":14239,"stat.pickup.minecraft.spider_eye":2,"stat.craftItem.minecraft.chest":12,"stat.entityKilledBy.HungryZombie":1,"stat.craftItem.minecraft.torch":20,"stat.pickup.minecraft.dirt":1527,"stat.useItem.minecraft.dirt":752,"stat.killEntity.betteranimalsplus.boar":2,"stat.useItem.minecraft.stone_slab2":64,"stat.mineBlock.futuremc.lily_of_the_valley":1,"stat.pickup.minecraft.iron_boots":2,"stat.drop.minecraft.iron_sword":1,"stat.craftingTableInteraction":35,"stat.mineBlock.minecraft.stone_brick_stairs":2,"stat.pickup.minecraft.rotten_flesh":3,"stat.mineBlock.chisel.cobblestone":9,"stat.craftItem.minecraft.furnace":2,"stat.mineBlock.minecraft.iron_bars":5,"stat.pickup.minecraft.mushroom_stew":1,"stat.craftItem.minecraft.stone_axe":1,"stat.mineBlock.minecraft.log2":2,"stat.damageTaken":3020,"stat.useItem.minecraft.stone_brick_stairs":1,"stat.craftItem.minecraft.stone_pickaxe":6,"stat.mineBlock.minecraft.torch":19,"stat.mineBlock.minecraft.furnace":1,"stat.useItem.minecraft.wooden_pickaxe":49,"stat.mineBlock.minecraft.sapling":4,"stat.pickup.minecraft.cobblestone":452,"stat.pickup.minecraft.log2":2,"stat.pickup.minecraft.planks":10,"stat.useItem.minecraft.stone_shovel":1437,"stat.pickup.chisel.cobblestone1":59,"stat.craftItem.minecraft.stone_sword":3,"stat.flyOneCm":259903,"stat.pickup.minecraft.bed":2,"stat.useItem.chisel.cobblestone":9,"stat.pickup.minecraft.chainmail_chestplate":1,"tombstone:undead_killed":3,"stat.pickup.minecraft.wheat_seeds":5,"stat.pickup.chisel.cobblestone":9,"stat.pickup.xlfoodmod.rice_seeds":1,"stat.useItem.minecraft.stone_pickaxe":503,"stat.craftItem.minecraft.birch_stairs":36,"stat.useItem.minecraft.stone_sword":97,"stat.damageDealt":3272,"stat.sleepInBed":6,"stat.timeSinceDeath":41259,"stat.mineBlock.minecraft.dirt":1746,"stat.craftItem.minecraft.wooden_pickaxe":1,"stat.pickup.minecraft.chainmail_boots":1,"stat.pickup.minecraft.mutton":10,"stat.mineBlock.xlfoodmod.vanilla_flower":1,"stat.drop.minecraft.cooked_mutton":2,"stat.craftItem.minecraft.stone_shovel":11,"stat.pickup.minecraft.flint_and_steel":2,"stat.walkOneCm":837424,"stat.craftItem.minecraft.bed":1,"stat.useItem.minecraft.torch":25,"stat.useItem.minecraft.bread":2,"stat.useItem.minecraft.chest":9,"stat.pickup.minecraft.stick":4,"stat.pickup.minecraft.iron_nugget":2,"stat.drop.minecraft.rotten_flesh":6,"stat.pickup.minecraft.crafting_table":3,"stat.pickup.minecraft.stonebrick":2,"stat.craftItem.minecraft.crafting_table":5,"stat.furnaceInteraction":8,"stat.drop.minecraft.flint_and_steel":1,"stat.useItem.minecraft.cooked_porkchop":1,"stat.pickup.xlfoodmod.lettuce_seeds":1,"stat.mineBlock.minecraft.coal_ore":4,"stat.pickup.minecraft.log":393,"stat.pickup.minecraft.string":1,"stat.useItem.tombstone.gift":1,"stat.useItem.minecraft.cooked_mutton":4,"stat.pickup.minecraft.furnace":1,"stat.pickup.tombstone.crafting_ingredient":1,"stat.entityKilledBy.Skeleton":1,"stat.craftItem.minecraft.stone_slab2":0,"stat.pickup.minecraft.stone":42,"stat.drop.minecraft.planks":1,"stat.killEntity.rat":2,"stat.pickup.minecraft.leather_helmet":1,"stat.pickup.minecraft.chainmail_leggings":1,"stat.craftItem.chisel.chisel_iron":1,"stat.pickup.minecraft.sapling":129,"stat.sprintOneCm":332999,"stat.pickup.xlfoodmod.vanilla_flower":2,"stat.pickup.minecraft.apple":7,"stat.craftItem.minecraft.wooden_axe":4,"stat.craftItem.minecraft.stick":60,"stat.killEntity.Skeleton":2,"stat.killEntity.wild_dog":3,"stat.mineBlock.minecraft.stonebrick":2,"stat.craftItem.minecraft.planks":1004,"stat.useItem.minecraft.iron_sword":2,"stat.pickup.futuremc.lily_of_the_valley":6,"stat.useItem.xlfoodmod.onion":1,"stat.killEntity.Spider":3,"stat.mineBlock.minecraft.crafting_table":2,"stat.pickup.minecraft.stone_sword":4,"stat.useItem.minecraft.wooden_shovel":168,"stat.mobKills":22,"stat.pickup.minecraft.leather_leggings":2,"stat.useItem.minecraft.stonebrick":5,"stat.mineBlock.minecraft.log":423,"stat.entityKilledBy.betteranimalsplus.boar":1,"stat.deaths":7,"stat.mineBlock.minecraft.planks":9,"stat.entityKilledBy.wild_dog":1,"stat.drop":16,"stat.mineBlock.minecraft.leaves":60,"stat.playOneMinute":231017,"stat.craftItem.minecraft.wooden_shovel":3,"stat.pickup.minecraft.torch":18,"stat.useItem.chisel.cobblestone1":364,"stat.killEntity.Sheep":6,"stat.sneakTime":4378,"stat.pickup.minecraft.wool":6,"stat.pickup.minecraft.iron_bars":7,"stat.drop.minecraft.bread":2,"stat.useItem.minecraft.birch_stairs":9,"stat.useItem.minecraft.wooden_axe":66,"stat.mineBlock.minecraft.stone":489,"stat.mineBlock.minecraft.tallgrass":30,"stat.craftItem.minecraft.cooked_mutton":8,"stat.diveOneCm":1845}