{"stat.chestOpened":24,"stat.drop.minecraft.mutton":1,"stat.pickup.minecraft.bone":3,"stat.useItem.minecraft.mushroom_stew":6,"stat.pickup.minecraft.iron_sword":1,"stat.pickup.minecraft.arrow":7,"stat.mineBlock.minecraft.cobblestone":6,"stat.craftItem.minecraft.cooked_porkchop":1,"stat.useItem.minecraft.apple":9,"stat.pickup.minecraft.leather_chestplate":2,"stat.craftItem.minecraft.coal":5,"stat.useItem.minecraft.rotten_flesh":1,"stat.pickup.minecraft.stone_brick_stairs":2,"stat.pickup.xlfoodmod.onion":1,"stat.useItem.minecraft.mutton":1,"stat.jump":1352,"stat.swimOneCm":1483,"stat.pickup.minecraft.iron_helmet":1,"stat.pickup.minecraft.coal":4,"stat.fallOneCm":38333,"stat.useItem.minecraft.planks":126,"stat.mineBlock.chisel.cobblestone1":16,"stat.useItem.minecraft.stone_axe":7,"stat.drop.minecraft.stone_sword":1,"stat.pickup.minecraft.porkchop":2,"stat.craftItem.minecraft.bread":2,"stat.pickup.minecraft.gunpowder":2,"stat.crouchOneCm":12683,"stat.pickup.minecraft.spider_eye":2,"stat.craftItem.minecraft.chest":12,"stat.entityKilledBy.HungryZombie":1,"stat.craftItem.minecraft.torch":20,"stat.pickup.minecraft.dirt":1351,"stat.useItem.minecraft.dirt":736,"stat.killEntity.betteranimalsplus.boar":2,"stat.useItem.minecraft.stone_slab2":48,"stat.mineBlock.futuremc.lily_of_the_valley":1,"stat.pickup.minecraft.iron_boots":2,"stat.drop.minecraft.iron_sword":1,"stat.craftingTableInteraction":31,"stat.mineBlock.minecraft.stone_brick_stairs":2,"stat.pickup.minecraft.rotten_flesh":3,"stat.mineBlock.chisel.cobblestone":9,"stat.craftItem.minecraft.furnace":2,"stat.mineBlock.minecraft.iron_bars":5,"stat.pickup.minecraft.mushroom_stew":1,"stat.craftItem.minecraft.stone_axe":1,"stat.mineBlock.minecraft.log2":2,"stat.damageTaken":2640,"stat.useItem.minecraft.stone_brick_stairs":1,"stat.craftItem.minecraft.stone_pickaxe":6,"stat.mineBlock.minecraft.torch":15,"stat.mineBlock.minecraft.furnace":1,"stat.useItem.minecraft.wooden_pickaxe":49,"stat.mineBlock.minecraft.sapling":4,"stat.pickup.minecraft.cobblestone":208,"stat.pickup.minecraft.log2":2,"stat.pickup.minecraft.planks":1,"stat.useItem.minecraft.stone_shovel":1114,"stat.pickup.chisel.cobblestone1":44,"stat.craftItem.minecraft.stone_sword":3,"stat.flyOneCm":177297,"stat.pickup.minecraft.bed":1,"stat.useItem.chisel.cobblestone":9,"stat.pickup.minecraft.chainmail_chestplate":1,"tombstone:undead_killed":3,"stat.pickup.minecraft.wheat_seeds":5,"stat.pickup.chisel.cobblestone":9,"stat.pickup.xlfoodmod.rice_seeds":1,"stat.useItem.minecraft.stone_pickaxe":227,"stat.useItem.minecraft.stone_sword":97,"stat.damageDealt":3222,"stat.sleepInBed":4,"stat.timeSinceDeath":1507,"stat.mineBlock.minecraft.dirt":1414,"stat.craftItem.minecraft.wooden_pickaxe":1,"stat.pickup.minecraft.chainmail_boots":1,"stat.pickup.minecraft.mutton":10,"stat.mineBlock.xlfoodmod.vanilla_flower":1,"stat.drop.minecraft.cooked_mutton":2,"stat.craftItem.minecraft.stone_shovel":9,"stat.pickup.minecraft.flint_and_steel":2,"stat.walkOneCm":668070,"stat.craftItem.minecraft.bed":1,"stat.useItem.minecraft.torch":16,"stat.useItem.minecraft.bread":2,"stat.useItem.minecraft.chest":8,"stat.pickup.minecraft.stick":4,"stat.pickup.minecraft.iron_nugget":2,"stat.drop.minecraft.rotten_flesh":6,"stat.pickup.minecraft.crafting_table":3,"stat.pickup.minecraft.stonebrick":2,"stat.craftItem.minecraft.crafting_table":4,"stat.furnaceInteraction":7,"stat.drop.minecraft.flint_and_steel":1,"stat.useItem.minecraft.cooked_porkchop":1,"stat.pickup.xlfoodmod.lettuce_seeds":1,"stat.mineBlock.minecraft.coal_ore":4,"stat.pickup.minecraft.log":230,"stat.pickup.minecraft.string":1,"stat.useItem.tombstone.gift":1,"stat.useItem.minecraft.cooked_mutton":4,"stat.pickup.minecraft.furnace":1,"stat.pickup.tombstone.crafting_ingredient":1,"stat.entityKilledBy.Skeleton":1,"stat.craftItem.minecraft.stone_slab2":0,"stat.pickup.minecraft.stone":27,"stat.killEntity.rat":1,"stat.pickup.minecraft.leather_helmet":1,"stat.pickup.minecraft.chainmail_leggings":1,"stat.craftItem.chisel.chisel_iron":1,"stat.pickup.minecraft.sapling":107,"stat.sprintOneCm":233293,"stat.pickup.xlfoodmod.vanilla_flower":2,"stat.pickup.minecraft.apple":7,"stat.craftItem.minecraft.wooden_axe":4,"stat.craftItem.minecraft.stick":60,"stat.killEntity.Skeleton":2,"stat.killEntity.wild_dog":3,"stat.mineBlock.minecraft.stonebrick":2,"stat.craftItem.minecraft.planks":620,"stat.useItem.minecraft.iron_sword":2,"stat.pickup.futuremc.lily_of_the_valley":6,"stat.useItem.xlfoodmod.onion":1,"stat.killEntity.Spider":3,"stat.mineBlock.minecraft.crafting_table":2,"stat.pickup.minecraft.stone_sword":4,"stat.useItem.minecraft.wooden_shovel":168,"stat.mobKills":21,"stat.pickup.minecraft.leather_leggings":2,"stat.useItem.minecraft.stonebrick":5,"stat.mineBlock.minecraft.log":249,"stat.entityKilledBy.betteranimalsplus.boar":1,"stat.deaths":7,"stat.entityKilledBy.wild_dog":1,"stat.drop":14,"stat.mineBlock.minecraft.leaves":60,"stat.playOneMinute":191265,"stat.craftItem.minecraft.wooden_shovel":3,"stat.pickup.minecraft.torch":14,"stat.useItem.chisel.cobblestone1":158,"stat.killEntity.Sheep":6,"stat.sneakTime":3945,"stat.pickup.minecraft.wool":6,"stat.pickup.minecraft.iron_bars":7,"stat.drop.minecraft.bread":2,"stat.useItem.minecraft.wooden_axe":66,"stat.mineBlock.minecraft.stone":227,"stat.mineBlock.minecraft.tallgrass":27,"stat.craftItem.minecraft.cooked_mutton":8,"stat.diveOneCm":1502}