{"stat.drop.minecraft.mutton":1,"stat.walkOneCm":65345,"stat.craftItem.minecraft.bed":1,"stat.craftItem.minecraft.planks":456,"stat.damageTaken":160,"stat.craftItem.minecraft.crafting_table":1,"stat.useItem.minecraft.wooden_shovel":71,"stat.mobKills":6,"stat.mineBlock.minecraft.sapling":4,"stat.mineBlock.minecraft.log":173,"stat.pickup.minecraft.log":154,"stat.flyOneCm":13283,"stat.pickup.minecraft.bed":1,"stat.drop":1,"stat.pickup.minecraft.wheat_seeds":2,"stat.jump":202,"stat.mineBlock.minecraft.leaves":35,"stat.playOneMinute":17265,"stat.fallOneCm":5945,"stat.craftItem.minecraft.wooden_shovel":1,"stat.killEntity.Sheep":6,"stat.sneakTime":176,"stat.pickup.minecraft.wool":6,"stat.damageDealt":479,"stat.crouchOneCm":472,"stat.sleepInBed":1,"stat.timeSinceDeath":17265,"stat.pickup.minecraft.sapling":68,"stat.useItem.minecraft.wooden_axe":50,"stat.pickup.minecraft.dirt":80,"stat.useItem.minecraft.dirt":71,"stat.sprintOneCm":17956,"stat.mineBlock.minecraft.dirt":82,"stat.useItem.minecraft.stone_slab2":8,"stat.mineBlock.minecraft.tallgrass":17,"stat.pickup.minecraft.apple":3,"stat.pickup.minecraft.mutton":10,"stat.craftItem.minecraft.stick":20,"stat.craftItem.minecraft.wooden_axe":3,"stat.craftingTableInteraction":4}