{"stat.chestOpened":1,"stat.craftItem.minecraft.stone_shovel":2,"stat.drop.minecraft.mutton":1,"stat.walkOneCm":170215,"stat.craftItem.minecraft.bed":1,"stat.craftItem.minecraft.crafting_table":1,"stat.furnaceInteraction":3,"stat.useItem.minecraft.apple":4,"stat.pickup.minecraft.log":210,"stat.useItem.minecraft.mutton":1,"stat.jump":400,"stat.fallOneCm":9890,"stat.useItem.tombstone.gift":1,"stat.pickup.minecraft.stone":18,"stat.pickup.minecraft.porkchop":2,"stat.killEntity.rat":1,"stat.crouchOneCm":491,"stat.craftItem.minecraft.chest":1,"stat.pickup.minecraft.sapling":101,"stat.pickup.minecraft.dirt":462,"stat.useItem.minecraft.dirt":242,"stat.killEntity.betteranimalsplus.boar":2,"stat.sprintOneCm":38893,"stat.pickup.xlfoodmod.vanilla_flower":2,"stat.useItem.minecraft.stone_slab2":14,"stat.pickup.minecraft.apple":7,"stat.mineBlock.futuremc.lily_of_the_valley":1,"stat.craftItem.minecraft.stick":24,"stat.craftItem.minecraft.wooden_axe":4,"stat.craftingTableInteraction":15,"stat.craftItem.minecraft.furnace":1,"stat.craftItem.minecraft.planks":456,"stat.pickup.futuremc.lily_of_the_valley":1,"stat.damageTaken":718,"stat.craftItem.minecraft.stone_pickaxe":1,"stat.useItem.minecraft.wooden_pickaxe":49,"stat.useItem.minecraft.wooden_shovel":168,"stat.mobKills":9,"stat.mineBlock.minecraft.sapling":4,"stat.pickup.minecraft.cobblestone":31,"stat.mineBlock.minecraft.log":229,"stat.entityKilledBy.betteranimalsplus.boar":1,"stat.useItem.minecraft.stone_shovel":263,"stat.craftItem.minecraft.stone_sword":1,"stat.flyOneCm":35438,"stat.pickup.minecraft.bed":1,"stat.deaths":2,"stat.drop":1,"stat.pickup.minecraft.wheat_seeds":4,"stat.mineBlock.minecraft.leaves":46,"stat.playOneMinute":41265,"stat.craftItem.minecraft.wooden_shovel":3,"stat.killEntity.Sheep":6,"stat.sneakTime":181,"stat.useItem.minecraft.stone_sword":11,"stat.pickup.minecraft.wool":6,"stat.damageDealt":768,"stat.sleepInBed":2,"stat.timeSinceDeath":6215,"stat.useItem.minecraft.wooden_axe":66,"stat.mineBlock.minecraft.dirt":476,"stat.craftItem.minecraft.wooden_pickaxe":1,"stat.mineBlock.minecraft.stone":49,"stat.mineBlock.minecraft.tallgrass":21,"stat.craftItem.minecraft.cooked_mutton":8,"stat.pickup.minecraft.mutton":10,"stat.mineBlock.xlfoodmod.vanilla_flower":1}