{"stat.chestOpened":20,"stat.drop.minecraft.mutton":1,"stat.pickup.minecraft.bone":3,"stat.pickup.minecraft.iron_sword":1,"stat.pickup.minecraft.arrow":7,"stat.mineBlock.minecraft.cobblestone":6,"stat.craftItem.minecraft.cooked_porkchop":1,"stat.useItem.minecraft.apple":9,"stat.pickup.minecraft.leather_chestplate":2,"stat.useItem.minecraft.rotten_flesh":1,"stat.pickup.minecraft.stone_brick_stairs":2,"stat.pickup.xlfoodmod.onion":1,"stat.useItem.minecraft.mutton":1,"stat.jump":875,"stat.swimOneCm":92,"stat.pickup.minecraft.iron_helmet":1,"stat.fallOneCm":23064,"stat.useItem.minecraft.planks":15,"stat.useItem.minecraft.stone_axe":6,"stat.pickup.minecraft.porkchop":2,"stat.craftItem.minecraft.bread":2,"stat.pickup.minecraft.gunpowder":2,"stat.crouchOneCm":7978,"stat.pickup.minecraft.spider_eye":2,"stat.craftItem.minecraft.chest":2,"stat.entityKilledBy.HungryZombie":1,"stat.pickup.minecraft.dirt":1089,"stat.useItem.minecraft.dirt":690,"stat.killEntity.betteranimalsplus.boar":2,"stat.useItem.minecraft.stone_slab2":39,"stat.mineBlock.futuremc.lily_of_the_valley":1,"stat.pickup.minecraft.iron_boots":2,"stat.drop.minecraft.iron_sword":1,"stat.craftingTableInteraction":26,"stat.mineBlock.minecraft.stone_brick_stairs":2,"stat.pickup.minecraft.rotten_flesh":3,"stat.craftItem.minecraft.furnace":2,"stat.mineBlock.minecraft.iron_bars":5,"stat.craftItem.minecraft.stone_axe":1,"stat.mineBlock.minecraft.log2":2,"stat.damageTaken":2088,"stat.useItem.minecraft.stone_brick_stairs":1,"stat.craftItem.minecraft.stone_pickaxe":3,"stat.mineBlock.minecraft.torch":11,"stat.mineBlock.minecraft.furnace":1,"stat.useItem.minecraft.wooden_pickaxe":49,"stat.mineBlock.minecraft.sapling":4,"stat.pickup.minecraft.cobblestone":88,"stat.pickup.minecraft.log2":2,"stat.pickup.minecraft.planks":1,"stat.useItem.minecraft.stone_shovel":858,"stat.craftItem.minecraft.stone_sword":3,"stat.flyOneCm":111628,"stat.pickup.minecraft.bed":1,"stat.pickup.minecraft.chainmail_chestplate":1,"tombstone:undead_killed":3,"stat.pickup.minecraft.wheat_seeds":5,"stat.pickup.xlfoodmod.rice_seeds":1,"stat.useItem.minecraft.stone_pickaxe":74,"stat.useItem.minecraft.stone_sword":90,"stat.damageDealt":3094,"stat.sleepInBed":3,"stat.timeSinceDeath":31406,"stat.mineBlock.minecraft.dirt":1139,"stat.craftItem.minecraft.wooden_pickaxe":1,"stat.pickup.minecraft.chainmail_boots":1,"stat.pickup.minecraft.mutton":10,"stat.mineBlock.xlfoodmod.vanilla_flower":1,"stat.drop.minecraft.cooked_mutton":2,"stat.craftItem.minecraft.stone_shovel":7,"stat.pickup.minecraft.flint_and_steel":2,"stat.walkOneCm":491893,"stat.craftItem.minecraft.bed":1,"stat.useItem.minecraft.torch":12,"stat.useItem.minecraft.bread":2,"stat.pickup.minecraft.iron_nugget":2,"stat.drop.minecraft.rotten_flesh":6,"stat.pickup.minecraft.crafting_table":3,"stat.pickup.minecraft.stonebrick":2,"stat.craftItem.minecraft.crafting_table":4,"stat.furnaceInteraction":6,"stat.drop.minecraft.flint_and_steel":1,"stat.useItem.minecraft.cooked_porkchop":1,"stat.pickup.xlfoodmod.lettuce_seeds":1,"stat.pickup.minecraft.log":230,"stat.pickup.minecraft.string":1,"stat.useItem.tombstone.gift":1,"stat.useItem.minecraft.cooked_mutton":4,"stat.pickup.minecraft.furnace":1,"stat.pickup.tombstone.crafting_ingredient":1,"stat.entityKilledBy.Skeleton":1,"stat.craftItem.minecraft.stone_slab2":0,"stat.pickup.minecraft.stone":24,"stat.killEntity.rat":1,"stat.pickup.minecraft.leather_helmet":1,"stat.pickup.minecraft.chainmail_leggings":1,"stat.pickup.minecraft.sapling":107,"stat.sprintOneCm":161463,"stat.pickup.xlfoodmod.vanilla_flower":2,"stat.pickup.minecraft.apple":7,"stat.craftItem.minecraft.wooden_axe":4,"stat.craftItem.minecraft.stick":40,"stat.killEntity.Skeleton":2,"stat.mineBlock.minecraft.stonebrick":2,"stat.craftItem.minecraft.planks":504,"stat.useItem.minecraft.iron_sword":2,"stat.pickup.futuremc.lily_of_the_valley":6,"stat.useItem.xlfoodmod.onion":1,"stat.killEntity.Spider":3,"stat.mineBlock.minecraft.crafting_table":2,"stat.pickup.minecraft.stone_sword":3,"stat.useItem.minecraft.wooden_shovel":168,"stat.mobKills":18,"stat.pickup.minecraft.leather_leggings":2,"stat.useItem.minecraft.stonebrick":5,"stat.mineBlock.minecraft.log":249,"stat.entityKilledBy.betteranimalsplus.boar":1,"stat.deaths":5,"stat.drop":13,"stat.mineBlock.minecraft.leaves":57,"stat.playOneMinute":131265,"stat.craftItem.minecraft.wooden_shovel":3,"stat.pickup.minecraft.torch":10,"stat.killEntity.Sheep":6,"stat.sneakTime":2819,"stat.pickup.minecraft.wool":6,"stat.pickup.minecraft.iron_bars":7,"stat.drop.minecraft.bread":2,"stat.useItem.minecraft.wooden_axe":66,"stat.mineBlock.minecraft.stone":102,"stat.mineBlock.minecraft.tallgrass":27,"stat.craftItem.minecraft.cooked_mutton":8}