{"stat.chestOpened":4,"stat.craftItem.minecraft.bed":1,"stat.walkOneCm":262753,"stat.useItem.minecraft.torch":6,"stat.pickup.minecraft.wooden_axe":1,"stat.pickup.minecraft.crafting_table":3,"stat.mineBlock.minecraft.cobblestone":3,"stat.pickup.minecraft.stonebrick":7,"stat.craftItem.minecraft.crafting_table":2,"stat.mineBlock.minecraft.double_plant":4,"stat.mineBlock.minecraft.coal_ore":2,"stat.useItem.minecraft.porkchop":2,"stat.pickup.minecraft.log":104,"stat.pickup.minecraft.stone_brick_stairs":3,"stat.jump":999,"stat.swimOneCm":2579,"stat.pickup.minecraft.coal":2,"stat.fallOneCm":20756,"stat.useItem.minecraft.planks":214,"stat.pickup.minecraft.beef":17,"stat.pickup.simpleores.tin_ore":3,"stat.pickup.minecraft.stone":1,"stat.pickup.minecraft.porkchop":6,"stat.crouchOneCm":2705,"stat.craftItem.minecraft.torch":4,"stat.craftItem.minecraft.chest":1,"stat.pickup.minecraft.sapling":19,"stat.killEntity.betteranimalsplus.boar":1,"stat.pickup.minecraft.dirt":45,"stat.useItem.minecraft.dirt":35,"stat.sprintOneCm":221570,"stat.useItem.minecraft.stone_slab2":21,"stat.pickup.minecraft.apple":2,"stat.pickup.minecraft.iron_boots":1,"stat.craftItem.minecraft.stick":16,"stat.craftItem.minecraft.wooden_axe":3,"stat.pickup.minecraft.end_stone":1,"stat.craftingTableInteraction":11,"stat.mineBlock.minecraft.stone_brick_stairs":3,"stat.killEntity.wild_dog":3,"stat.mineBlock.minecraft.stonebrick":7,"stat.craftItem.minecraft.planks":276,"stat.mineBlock.simpleores.tin_ore":3,"stat.pickup.minecraft.leather":3,"stat.mineBlock.minecraft.crafting_table":3,"stat.damageTaken":1207,"stat.craftItem.minecraft.stone_pickaxe":1,"stat.mineBlock.minecraft.torch":5,"stat.useItem.minecraft.wooden_pickaxe":4,"stat.useItem.minecraft.wooden_shovel":32,"stat.mobKills":16,"stat.pickup.minecraft.cobblestone":13,"stat.mineBlock.minecraft.log":120,"stat.entityKilledBy.betteranimalsplus.boar":1,"stat.useItem.minecraft.beef":11,"stat.pickup.minecraft.planks":12,"stat.craftItem.minecraft.stone_sword":1,"stat.flyOneCm":63417,"stat.pickup.minecraft.bed":3,"stat.deaths":4,"stat.mineBlock.minecraft.planks":12,"stat.entityKilledBy.wild_dog":3,"stat.drop":1,"stat.pickup.minecraft.wheat_seeds":4,"stat.mineBlock.minecraft.leaves":13,"stat.playOneMinute":67741,"stat.craftItem.minecraft.wooden_shovel":1,"stat.pickup.minecraft.torch":5,"stat.useItem.minecraft.stone_pickaxe":44,"stat.killEntity.Sheep":4,"stat.sneakTime":369,"stat.useItem.minecraft.stone_sword":28,"stat.mineBlock.minecraft.end_stone":1,"stat.pickup.minecraft.wool":7,"stat.damageDealt":2098,"stat.sleepInBed":6,"stat.timeSinceDeath":8658,"stat.useItem.minecraft.wooden_axe":96,"stat.killEntity.Cow":5,"stat.drop.minecraft.log":1,"stat.mineBlock.minecraft.dirt":45,"stat.craftItem.minecraft.wooden_pickaxe":1,"stat.mineBlock.minecraft.stone":16,"stat.killEntity.Pig":3,"stat.mineBlock.minecraft.tallgrass":19,"stat.diveOneCm":1242,"stat.pickup.minecraft.mutton":7}