{"stat.chestOpened":3,"stat.craftItem.minecraft.bed":1,"stat.walkOneCm":179478,"stat.useItem.minecraft.torch":6,"stat.pickup.minecraft.wooden_axe":1,"stat.pickup.minecraft.crafting_table":3,"stat.mineBlock.minecraft.cobblestone":3,"stat.pickup.minecraft.stonebrick":7,"stat.craftItem.minecraft.crafting_table":2,"stat.mineBlock.minecraft.double_plant":4,"stat.mineBlock.minecraft.coal_ore":2,"stat.useItem.minecraft.porkchop":1,"stat.pickup.minecraft.log":70,"stat.pickup.minecraft.stone_brick_stairs":3,"stat.jump":673,"stat.swimOneCm":2340,"stat.pickup.minecraft.coal":2,"stat.fallOneCm":13242,"stat.useItem.minecraft.planks":99,"stat.pickup.minecraft.beef":17,"stat.pickup.simpleores.tin_ore":3,"stat.pickup.minecraft.stone":1,"stat.pickup.minecraft.porkchop":6,"stat.crouchOneCm":2209,"stat.craftItem.minecraft.torch":4,"stat.craftItem.minecraft.chest":1,"stat.pickup.minecraft.sapling":8,"stat.killEntity.betteranimalsplus.boar":1,"stat.pickup.minecraft.dirt":41,"stat.useItem.minecraft.dirt":30,"stat.sprintOneCm":150305,"stat.useItem.minecraft.stone_slab2":17,"stat.pickup.minecraft.apple":1,"stat.pickup.minecraft.iron_boots":1,"stat.craftItem.minecraft.stick":16,"stat.craftItem.minecraft.wooden_axe":3,"stat.pickup.minecraft.end_stone":1,"stat.craftingTableInteraction":9,"stat.mineBlock.minecraft.stone_brick_stairs":3,"stat.killEntity.wild_dog":2,"stat.mineBlock.minecraft.stonebrick":7,"stat.craftItem.minecraft.planks":140,"stat.mineBlock.simpleores.tin_ore":3,"stat.pickup.minecraft.leather":3,"stat.mineBlock.minecraft.crafting_table":3,"stat.damageTaken":923,"stat.craftItem.minecraft.stone_pickaxe":1,"stat.mineBlock.minecraft.torch":5,"stat.useItem.minecraft.wooden_pickaxe":4,"stat.useItem.minecraft.wooden_shovel":32,"stat.mobKills":13,"stat.pickup.minecraft.cobblestone":13,"stat.mineBlock.minecraft.log":86,"stat.entityKilledBy.betteranimalsplus.boar":1,"stat.useItem.minecraft.beef":9,"stat.pickup.minecraft.planks":7,"stat.craftItem.minecraft.stone_sword":1,"stat.flyOneCm":44842,"stat.pickup.minecraft.bed":3,"stat.deaths":3,"stat.mineBlock.minecraft.planks":7,"stat.entityKilledBy.wild_dog":2,"stat.drop":1,"stat.pickup.minecraft.wheat_seeds":4,"stat.mineBlock.minecraft.leaves":13,"stat.playOneMinute":43741,"stat.craftItem.minecraft.wooden_shovel":1,"stat.pickup.minecraft.torch":5,"stat.useItem.minecraft.stone_pickaxe":44,"stat.killEntity.Sheep":2,"stat.sneakTime":297,"stat.useItem.minecraft.stone_sword":18,"stat.mineBlock.minecraft.end_stone":1,"stat.pickup.minecraft.wool":5,"stat.damageDealt":1839,"stat.sleepInBed":4,"stat.timeSinceDeath":3697,"stat.useItem.minecraft.wooden_axe":79,"stat.killEntity.Cow":5,"stat.drop.minecraft.log":1,"stat.mineBlock.minecraft.dirt":41,"stat.craftItem.minecraft.wooden_pickaxe":1,"stat.mineBlock.minecraft.stone":16,"stat.killEntity.Pig":3,"stat.mineBlock.minecraft.tallgrass":17,"stat.diveOneCm":1242,"stat.pickup.minecraft.mutton":4}