{"stat.craftItem.simpleores.tin_ingot":10,"stat.pickup.minecraft.bone":4,"stat.pickup.minecraft.wooden_slab":8,"stat.leaveGame":2,"stat.mineBlock.minecraft.cobblestone":20,"stat.craftItem.simpleores.tin_axe":1,"stat.pickup.medieval_craft.ingotsteel":2,"stat.useItem.minecraft.mutton":14,"stat.swimOneCm":9314,"stat.useItem.minecraft.planks":1070,"stat.climbOneCm":22524,"stat.mineBlock.minecraft.web":1,"stat.mineBlock.minecraft.spruce_stairs":2,"stat.pickup.minecraft.porkchop":9,"stat.killEntity.betteranimalsplus.boar":1,"stat.useItem.minecraft.dirt":248,"stat.useItem.minecraft.stone_slab2":70,"stat.craftItem.simpleores.tin_pickaxe":1,"stat.pickup.minecraft.iron_boots":1,"stat.mineBlock.minecraft.stone_brick_stairs":10,"stat.craftItem.minecraft.furnace":1,"stat.useItem.minecraft.egg":1,"stat.killEntity.red_soldier":1,"stat.craftItem.minecraft.stone_axe":1,"stat.pickup.animalium.wild_dog_pelt":1,"stat.pickup.animalium.rat_meat":1,"stat.killEntity.SniperSkeleton":1,"stat.craftItem.minecraft.stone_pickaxe":1,"stat.pickup.minecraft.cobblestone":97,"stat.mineBlock.minecraft.wooden_slab":5,"stat.useItem.minecraft.stone_shovel":213,"stat.craftItem.minecraft.stone_sword":1,"stat.flyOneCm":262825,"stat.craftItem.minecraft.wooden_slab":72,"stat.mineBlock.minecraft.end_stone":1,"stat.pickup.xlfoodmod.strawberry_seeds":1,"stat.timeSinceDeath":761,"stat.drop.minecraft.log":1,"stat.craftItem.minecraft.wooden_pickaxe":1,"stat.useItem.minecraft.wooden_slab":77,"stat.pickup.minecraft.mutton":14,"stat.mineBlock.xlfoodmod.vanilla_flower":1,"stat.craftItem.minecraft.birch_door":3,"stat.craftItem.minecraft.bed":2,"stat.pickup.minecraft.wooden_axe":1,"stat.pickup.minecraft.stonebrick":135,"stat.furnaceInteraction":2,"stat.mineBlock.minecraft.coal_ore":4,"stat.mineBlock.minecraft.birch_stairs":3,"stat.pickup.minecraft.beef":17,"stat.pickup.xlfoodmod.corn_seeds":1,"stat.killEntity.rat":9,"stat.pickup.minecraft.birch_stairs":4,"stat.entityKilledBy.redknight":1,"stat.sprintOneCm":1013456,"stat.pickup.xlfoodmod.vanilla_flower":2,"stat.pickup.minecraft.iron_chestplate":1,"stat.craftItem.minecraft.stick":44,"stat.craftItem.minecraft.wooden_axe":5,"stat.mineBlock.simpleores.tin_ore":12,"stat.useItem.simpleores.tin_pickaxe":100,"stat.mineBlock.minecraft.crafting_table":3,"stat.useItem.minecraft.wooden_shovel":36,"stat.entityKilledBy.betteranimalsplus.boar":1,"stat.useItem.minecraft.beef":11,"stat.deaths":22,"stat.mineBlock.minecraft.planks":191,"stat.pickup.minecraft.bowl":2,"stat.entityKilledBy.wild_dog":7,"stat.drop":7,"stat.pickup.minecraft.egg":3,"stat.playOneMinute":296258,"stat.craftItem.minecraft.wooden_shovel":1,"stat.killEntity.Sheep":9,"stat.useItem.minecraft.ladder":4,"stat.useItem.minecraft.birch_stairs":32,"stat.mineBlock.minecraft.tallgrass":27,"stat.diveOneCm":25247,"stat.chestOpened":24,"stat.pickup.minecraft.spruce_door":3,"stat.entityKilledBy.SniperSkeleton":1,"stat.craftItem.minecraft.ladder":6,"stat.pickup.minecraft.arrow":4,"stat.pickup.minecraft.iron_sword":1,"stat.pickup.minecraft.stone_axe":1,"stat.useItem.minecraft.apple":7,"stat.useItem.minecraft.porkchop":9,"stat.pickup.minecraft.stone_brick_stairs":12,"stat.jump":3506,"stat.pickup.minecraft.coal":4,"stat.fallOneCm":94904,"stat.pickup.simpleores.tin_ore":12,"stat.useItem.minecraft.stone_axe":95,"stat.crouchOneCm":4664,"stat.mineBlock.minecraft.chest":1,"stat.craftItem.minecraft.torch":4,"stat.craftItem.minecraft.chest":4,"stat.pickup.minecraft.dirt":284,"stat.craftItem.comforts.sleeping_bag":1,"stat.entityKilledBy.GatlingSkeleton":1,"stat.craftingTableInteraction":52,"stat.pickup.xlfoodmod.tomato_seeds":1,"stat.pickup.minecraft.wooden_pickaxe":1,"stat.pickup.minecraft.leather":3,"stat.damageTaken":5572,"stat.pickup.medieval_craft.longsword":1,"stat.mineBlock.minecraft.torch":6,"stat.useItem.minecraft.wooden_pickaxe":59,"stat.entityKilledBy.red_soldier":3,"stat.pickup.minecraft.planks":265,"stat.pickup.minecraft.bed":4,"tombstone:undead_killed":1,"stat.pickup.minecraft.wheat_seeds":4,"stat.pickup.xlfoodmod.rice_seeds":1,"stat.useItem.minecraft.stone_pickaxe":121,"stat.craftItem.minecraft.birch_stairs":36,"stat.useItem.minecraft.stone_sword":86,"stat.damageDealt":4709,"stat.useItem.minecraft.wool":1,"stat.sleepInBed":24,"stat.killEntity.Cow":5,"stat.mineBlock.xlfoodmod.grass":1,"stat.mineBlock.minecraft.dirt":292,"stat.killEntity.Pig":4,"stat.useItem.animalium.rat_meat":1,"stat.craftItem.minecraft.stone_shovel":2,"stat.walkOneCm":1159621,"stat.useItem.minecraft.torch":8,"stat.useItem.minecraft.chest":1,"stat.pickup.minecraft.crafting_table":3,"stat.useItem.minecraft.cobblestone":16,"stat.craftItem.minecraft.crafting_table":3,"stat.mineBlock.minecraft.double_plant":4,"stat.drop.minecraft.birch_stairs":1,"stat.pickup.minecraft.log":351,"stat.drop.minecraft.stonebrick":1,"stat.pickup.minecraft.iron_pickaxe":1,"stat.pickup.minecraft.stone":3,"stat.drop.minecraft.planks":3,"stat.mineBlock.minecraft.wool":1,"stat.pickup.minecraft.sapling":97,"stat.pickup.minecraft.apple":9,"stat.pickup.minecraft.end_stone":2,"stat.killEntity.wild_dog":12,"stat.mineBlock.minecraft.stonebrick":133,"stat.craftItem.minecraft.planks":1192,"stat.useItem.minecraft.iron_sword":36,"stat.pickup.minecraft.stone_sword":2,"stat.mobKills":42,"stat.useItem.minecraft.stonebrick":109,"stat.mineBlock.minecraft.log":406,"stat.useItem.minecraft.spruce_door":4,"stat.mineBlock.minecraft.leaves":43,"stat.pickup.minecraft.torch":6,"stat.pickup.minecraft.spruce_stairs":2,"stat.sneakTime":653,"stat.pickup.minecraft.wool":13,"stat.drop.minecraft.stone_axe":1,"stat.useItem.minecraft.wooden_axe":136,"stat.mineBlock.minecraft.stone":84,"stat.craftItem.minecraft.spruce_door":3,"stat.useItem.simpleores.tin_axe":126}