{"stat.chestOpened":1,"stat.craftItem.minecraft.bed":1,"stat.walkOneCm":103794,"stat.useItem.minecraft.torch":5,"stat.pickup.minecraft.wooden_axe":1,"stat.pickup.minecraft.crafting_table":3,"stat.mineBlock.minecraft.cobblestone":3,"stat.pickup.minecraft.stonebrick":7,"stat.craftItem.minecraft.crafting_table":2,"stat.mineBlock.minecraft.double_plant":4,"stat.mineBlock.minecraft.coal_ore":2,"stat.useItem.minecraft.porkchop":1,"stat.pickup.minecraft.log":37,"stat.pickup.minecraft.stone_brick_stairs":3,"stat.jump":553,"stat.swimOneCm":1823,"stat.pickup.minecraft.coal":2,"stat.fallOneCm":10488,"stat.useItem.minecraft.planks":12,"stat.pickup.minecraft.beef":17,"stat.pickup.simpleores.tin_ore":3,"stat.pickup.minecraft.stone":1,"stat.pickup.minecraft.porkchop":6,"stat.crouchOneCm":1951,"stat.craftItem.minecraft.torch":4,"stat.craftItem.minecraft.chest":1,"stat.pickup.minecraft.sapling":3,"stat.killEntity.betteranimalsplus.boar":1,"stat.pickup.minecraft.dirt":6,"stat.useItem.minecraft.dirt":3,"stat.sprintOneCm":127122,"stat.useItem.minecraft.stone_slab2":15,"stat.pickup.minecraft.iron_boots":1,"stat.craftItem.minecraft.stick":12,"stat.craftItem.minecraft.wooden_axe":2,"stat.craftingTableInteraction":6,"stat.mineBlock.minecraft.stone_brick_stairs":3,"stat.killEntity.wild_dog":2,"stat.mineBlock.minecraft.stonebrick":7,"stat.craftItem.minecraft.planks":120,"stat.mineBlock.simpleores.tin_ore":3,"stat.pickup.minecraft.leather":3,"stat.mineBlock.minecraft.crafting_table":3,"stat.damageTaken":775,"stat.craftItem.minecraft.stone_pickaxe":1,"stat.mineBlock.minecraft.torch":4,"stat.useItem.minecraft.wooden_pickaxe":4,"stat.mobKills":13,"stat.pickup.minecraft.cobblestone":12,"stat.mineBlock.minecraft.log":53,"stat.entityKilledBy.betteranimalsplus.boar":1,"stat.useItem.minecraft.beef":9,"stat.craftItem.minecraft.stone_sword":1,"stat.flyOneCm":39668,"stat.pickup.minecraft.bed":3,"stat.deaths":2,"stat.entityKilledBy.wild_dog":1,"stat.drop":1,"stat.pickup.minecraft.wheat_seeds":4,"stat.mineBlock.minecraft.leaves":6,"stat.playOneMinute":31741,"stat.pickup.minecraft.torch":4,"stat.useItem.minecraft.stone_pickaxe":42,"stat.killEntity.Sheep":2,"stat.sneakTime":265,"stat.useItem.minecraft.stone_sword":17,"stat.pickup.minecraft.wool":5,"stat.damageDealt":1789,"stat.sleepInBed":3,"stat.timeSinceDeath":11616,"stat.useItem.minecraft.wooden_axe":58,"stat.killEntity.Cow":5,"stat.drop.minecraft.log":1,"stat.mineBlock.minecraft.dirt":6,"stat.craftItem.minecraft.wooden_pickaxe":1,"stat.mineBlock.minecraft.stone":15,"stat.killEntity.Pig":3,"stat.mineBlock.minecraft.tallgrass":15,"stat.diveOneCm":838,"stat.pickup.minecraft.mutton":4}