{"stat.chestOpened":4,"stat.craftItem.minecraft.bed":1,"stat.walkOneCm":315295,"stat.useItem.minecraft.torch":6,"stat.pickup.minecraft.wooden_slab":7,"stat.pickup.minecraft.wooden_axe":1,"stat.pickup.minecraft.crafting_table":3,"stat.mineBlock.minecraft.cobblestone":3,"stat.pickup.minecraft.stonebrick":7,"stat.craftItem.minecraft.crafting_table":2,"stat.mineBlock.minecraft.double_plant":4,"stat.mineBlock.minecraft.coal_ore":2,"stat.useItem.minecraft.porkchop":5,"stat.pickup.minecraft.log":150,"stat.pickup.minecraft.stone_brick_stairs":3,"stat.jump":1117,"stat.swimOneCm":2579,"stat.pickup.minecraft.coal":2,"stat.fallOneCm":24029,"stat.useItem.minecraft.planks":233,"stat.pickup.minecraft.beef":17,"stat.pickup.simpleores.tin_ore":5,"stat.pickup.minecraft.stone":2,"stat.pickup.minecraft.porkchop":6,"stat.crouchOneCm":2843,"stat.craftItem.minecraft.torch":4,"stat.craftItem.minecraft.chest":1,"stat.pickup.minecraft.sapling":34,"stat.killEntity.betteranimalsplus.boar":1,"stat.pickup.minecraft.dirt":45,"stat.useItem.minecraft.dirt":35,"stat.sprintOneCm":251711,"stat.useItem.minecraft.stone_slab2":25,"stat.pickup.minecraft.apple":3,"stat.pickup.minecraft.iron_boots":1,"stat.craftItem.minecraft.stick":16,"stat.craftItem.minecraft.wooden_axe":4,"stat.pickup.minecraft.end_stone":1,"stat.craftingTableInteraction":14,"stat.mineBlock.minecraft.stone_brick_stairs":3,"stat.killEntity.wild_dog":3,"stat.mineBlock.minecraft.stonebrick":7,"stat.craftItem.minecraft.planks":388,"stat.mineBlock.simpleores.tin_ore":5,"stat.pickup.minecraft.leather":3,"stat.mineBlock.minecraft.crafting_table":3,"stat.damageTaken":1267,"stat.craftItem.minecraft.stone_pickaxe":1,"stat.mineBlock.minecraft.torch":5,"stat.useItem.minecraft.wooden_pickaxe":4,"stat.useItem.minecraft.wooden_shovel":32,"stat.mobKills":17,"stat.pickup.minecraft.cobblestone":13,"stat.mineBlock.minecraft.wooden_slab":4,"stat.mineBlock.minecraft.log":172,"stat.entityKilledBy.betteranimalsplus.boar":1,"stat.useItem.minecraft.beef":11,"stat.pickup.minecraft.planks":12,"stat.craftItem.minecraft.stone_sword":1,"stat.flyOneCm":69012,"stat.pickup.minecraft.bed":3,"stat.deaths":4,"stat.mineBlock.minecraft.planks":12,"stat.entityKilledBy.wild_dog":3,"stat.drop":1,"stat.pickup.minecraft.wheat_seeds":4,"stat.mineBlock.minecraft.leaves":17,"stat.playOneMinute":79741,"stat.craftItem.minecraft.wooden_shovel":1,"stat.pickup.minecraft.torch":5,"stat.useItem.minecraft.stone_pickaxe":47,"stat.killEntity.Sheep":5,"stat.craftItem.minecraft.wooden_slab":72,"stat.sneakTime":388,"stat.useItem.minecraft.stone_sword":33,"stat.mineBlock.minecraft.end_stone":1,"stat.pickup.minecraft.wool":8,"stat.damageDealt":2178,"stat.sleepInBed":6,"stat.timeSinceDeath":20658,"stat.useItem.minecraft.wooden_axe":108,"stat.killEntity.Cow":5,"stat.drop.minecraft.log":1,"stat.mineBlock.minecraft.dirt":45,"stat.craftItem.minecraft.wooden_pickaxe":1,"stat.mineBlock.minecraft.stone":17,"stat.killEntity.Pig":3,"stat.useItem.minecraft.wooden_slab":77,"stat.mineBlock.minecraft.tallgrass":19,"stat.diveOneCm":1242,"stat.pickup.minecraft.mutton":8}