{"stat.chestOpened":3,"stat.craftItem.minecraft.bed":1,"stat.walkOneCm":220090,"stat.useItem.minecraft.torch":6,"stat.pickup.minecraft.wooden_axe":1,"stat.pickup.minecraft.crafting_table":3,"stat.mineBlock.minecraft.cobblestone":3,"stat.pickup.minecraft.stonebrick":7,"stat.craftItem.minecraft.crafting_table":2,"stat.mineBlock.minecraft.double_plant":4,"stat.mineBlock.minecraft.coal_ore":2,"stat.useItem.minecraft.porkchop":1,"stat.pickup.minecraft.log":76,"stat.pickup.minecraft.stone_brick_stairs":3,"stat.jump":806,"stat.swimOneCm":2340,"stat.pickup.minecraft.coal":2,"stat.fallOneCm":16399,"stat.useItem.minecraft.planks":166,"stat.pickup.minecraft.beef":17,"stat.pickup.simpleores.tin_ore":3,"stat.pickup.minecraft.stone":1,"stat.pickup.minecraft.porkchop":6,"stat.crouchOneCm":2355,"stat.craftItem.minecraft.torch":4,"stat.craftItem.minecraft.chest":1,"stat.pickup.minecraft.sapling":8,"stat.killEntity.betteranimalsplus.boar":1,"stat.pickup.minecraft.dirt":44,"stat.useItem.minecraft.dirt":35,"stat.sprintOneCm":165398,"stat.useItem.minecraft.stone_slab2":20,"stat.pickup.minecraft.apple":2,"stat.pickup.minecraft.iron_boots":1,"stat.craftItem.minecraft.stick":16,"stat.craftItem.minecraft.wooden_axe":3,"stat.pickup.minecraft.end_stone":1,"stat.craftingTableInteraction":9,"stat.mineBlock.minecraft.stone_brick_stairs":3,"stat.killEntity.wild_dog":2,"stat.mineBlock.minecraft.stonebrick":7,"stat.craftItem.minecraft.planks":252,"stat.mineBlock.simpleores.tin_ore":3,"stat.pickup.minecraft.leather":3,"stat.mineBlock.minecraft.crafting_table":3,"stat.damageTaken":993,"stat.craftItem.minecraft.stone_pickaxe":1,"stat.mineBlock.minecraft.torch":5,"stat.useItem.minecraft.wooden_pickaxe":4,"stat.useItem.minecraft.wooden_shovel":32,"stat.mobKills":13,"stat.pickup.minecraft.cobblestone":13,"stat.mineBlock.minecraft.log":92,"stat.entityKilledBy.betteranimalsplus.boar":1,"stat.useItem.minecraft.beef":11,"stat.pickup.minecraft.planks":11,"stat.craftItem.minecraft.stone_sword":1,"stat.flyOneCm":51373,"stat.pickup.minecraft.bed":3,"stat.deaths":3,"stat.mineBlock.minecraft.planks":11,"stat.entityKilledBy.wild_dog":2,"stat.drop":1,"stat.pickup.minecraft.wheat_seeds":4,"stat.mineBlock.minecraft.leaves":13,"stat.playOneMinute":55741,"stat.craftItem.minecraft.wooden_shovel":1,"stat.pickup.minecraft.torch":5,"stat.useItem.minecraft.stone_pickaxe":44,"stat.killEntity.Sheep":2,"stat.sneakTime":328,"stat.useItem.minecraft.stone_sword":18,"stat.mineBlock.minecraft.end_stone":1,"stat.pickup.minecraft.wool":5,"stat.damageDealt":1839,"stat.sleepInBed":5,"stat.timeSinceDeath":15697,"stat.useItem.minecraft.wooden_axe":84,"stat.killEntity.Cow":5,"stat.drop.minecraft.log":1,"stat.mineBlock.minecraft.dirt":44,"stat.craftItem.minecraft.wooden_pickaxe":1,"stat.mineBlock.minecraft.stone":16,"stat.killEntity.Pig":3,"stat.mineBlock.minecraft.tallgrass":17,"stat.diveOneCm":1242,"stat.pickup.minecraft.mutton":4}