{"stat.craftItem.simpleores.tin_ingot":10,"stat.pickup.minecraft.bone":4,"stat.pickup.minecraft.wooden_slab":8,"stat.leaveGame":1,"stat.mineBlock.minecraft.cobblestone":19,"stat.craftItem.simpleores.tin_axe":1,"stat.pickup.medieval_craft.ingotsteel":2,"stat.useItem.minecraft.mutton":10,"stat.swimOneCm":6230,"stat.useItem.minecraft.planks":927,"stat.climbOneCm":19348,"stat.mineBlock.minecraft.web":1,"stat.mineBlock.minecraft.spruce_stairs":2,"stat.pickup.minecraft.porkchop":6,"stat.killEntity.betteranimalsplus.boar":1,"stat.useItem.minecraft.dirt":124,"stat.useItem.minecraft.stone_slab2":57,"stat.craftItem.simpleores.tin_pickaxe":1,"stat.pickup.minecraft.iron_boots":1,"stat.mineBlock.minecraft.stone_brick_stairs":5,"stat.craftItem.minecraft.furnace":1,"stat.killEntity.red_soldier":1,"stat.pickup.animalium.rat_meat":1,"stat.killEntity.SniperSkeleton":1,"stat.craftItem.minecraft.stone_pickaxe":1,"stat.pickup.minecraft.cobblestone":96,"stat.mineBlock.minecraft.wooden_slab":5,"stat.useItem.minecraft.stone_shovel":96,"stat.craftItem.minecraft.stone_sword":1,"stat.flyOneCm":191162,"stat.craftItem.minecraft.wooden_slab":72,"stat.mineBlock.minecraft.end_stone":1,"stat.pickup.xlfoodmod.strawberry_seeds":1,"stat.timeSinceDeath":11824,"stat.drop.minecraft.log":1,"stat.craftItem.minecraft.wooden_pickaxe":1,"stat.useItem.minecraft.wooden_slab":77,"stat.pickup.minecraft.mutton":11,"stat.mineBlock.xlfoodmod.vanilla_flower":1,"stat.craftItem.minecraft.birch_door":3,"stat.craftItem.minecraft.bed":1,"stat.pickup.minecraft.wooden_axe":1,"stat.pickup.minecraft.stonebrick":47,"stat.furnaceInteraction":2,"stat.mineBlock.minecraft.coal_ore":4,"stat.mineBlock.minecraft.birch_stairs":3,"stat.pickup.minecraft.beef":17,"stat.pickup.xlfoodmod.corn_seeds":1,"stat.killEntity.rat":6,"stat.pickup.minecraft.birch_stairs":4,"stat.entityKilledBy.redknight":1,"stat.sprintOneCm":767976,"stat.pickup.xlfoodmod.vanilla_flower":1,"stat.pickup.minecraft.iron_chestplate":1,"stat.craftItem.minecraft.stick":40,"stat.craftItem.minecraft.wooden_axe":5,"stat.mineBlock.simpleores.tin_ore":12,"stat.mineBlock.minecraft.crafting_table":3,"stat.useItem.minecraft.wooden_shovel":36,"stat.entityKilledBy.betteranimalsplus.boar":1,"stat.useItem.minecraft.beef":11,"stat.deaths":16,"stat.mineBlock.minecraft.planks":96,"stat.pickup.minecraft.bowl":2,"stat.entityKilledBy.wild_dog":7,"stat.drop":3,"stat.pickup.minecraft.egg":1,"stat.playOneMinute":223717,"stat.craftItem.minecraft.wooden_shovel":1,"stat.killEntity.Sheep":7,"stat.useItem.minecraft.ladder":4,"stat.useItem.minecraft.birch_stairs":32,"stat.mineBlock.minecraft.tallgrass":24,"stat.diveOneCm":20081,"stat.chestOpened":20,"stat.pickup.minecraft.spruce_door":2,"stat.entityKilledBy.SniperSkeleton":1,"stat.craftItem.minecraft.ladder":6,"stat.pickup.minecraft.arrow":4,"stat.useItem.minecraft.apple":3,"stat.useItem.minecraft.porkchop":6,"stat.pickup.minecraft.stone_brick_stairs":7,"stat.jump":2584,"stat.pickup.minecraft.coal":4,"stat.fallOneCm":69205,"stat.pickup.simpleores.tin_ore":12,"stat.crouchOneCm":4523,"stat.mineBlock.minecraft.chest":1,"stat.craftItem.minecraft.torch":4,"stat.craftItem.minecraft.chest":3,"stat.pickup.minecraft.dirt":145,"stat.entityKilledBy.GatlingSkeleton":1,"stat.craftingTableInteraction":43,"stat.pickup.xlfoodmod.tomato_seeds":1,"stat.pickup.minecraft.wooden_pickaxe":1,"stat.pickup.minecraft.leather":3,"stat.damageTaken":4272,"stat.pickup.medieval_craft.longsword":1,"stat.mineBlock.minecraft.torch":6,"stat.useItem.minecraft.wooden_pickaxe":59,"stat.entityKilledBy.red_soldier":3,"stat.pickup.minecraft.planks":92,"stat.pickup.minecraft.bed":4,"tombstone:undead_killed":1,"stat.pickup.minecraft.wheat_seeds":4,"stat.useItem.minecraft.stone_pickaxe":121,"stat.craftItem.minecraft.birch_stairs":36,"stat.useItem.minecraft.stone_sword":86,"stat.damageDealt":3801,"stat.useItem.minecraft.wool":1,"stat.sleepInBed":16,"stat.killEntity.Cow":5,"stat.mineBlock.xlfoodmod.grass":1,"stat.mineBlock.minecraft.dirt":145,"stat.killEntity.Pig":3,"stat.craftItem.minecraft.stone_shovel":1,"stat.walkOneCm":906650,"stat.useItem.minecraft.torch":8,"stat.useItem.minecraft.chest":1,"stat.pickup.minecraft.crafting_table":3,"stat.useItem.minecraft.cobblestone":16,"stat.craftItem.minecraft.crafting_table":2,"stat.mineBlock.minecraft.double_plant":4,"stat.drop.minecraft.birch_stairs":1,"stat.pickup.minecraft.log":265,"stat.pickup.minecraft.stone":3,"stat.drop.minecraft.planks":1,"stat.mineBlock.minecraft.wool":1,"stat.pickup.minecraft.sapling":85,"stat.pickup.minecraft.apple":7,"stat.pickup.minecraft.end_stone":2,"stat.killEntity.wild_dog":9,"stat.mineBlock.minecraft.stonebrick":44,"stat.craftItem.minecraft.planks":1056,"stat.useItem.minecraft.iron_sword":14,"stat.pickup.minecraft.stone_sword":2,"stat.mobKills":33,"stat.useItem.minecraft.stonebrick":22,"stat.mineBlock.minecraft.log":316,"stat.useItem.minecraft.spruce_door":4,"stat.mineBlock.minecraft.leaves":22,"stat.pickup.minecraft.torch":6,"stat.pickup.minecraft.spruce_stairs":2,"stat.sneakTime":627,"stat.pickup.minecraft.wool":11,"stat.useItem.minecraft.wooden_axe":136,"stat.mineBlock.minecraft.stone":84,"stat.craftItem.minecraft.spruce_door":3,"stat.useItem.simpleores.tin_axe":76}