{"stat.walkOneCm":26245,"stat.craftItem.minecraft.bed":1,"stat.craftItem.minecraft.planks":32,"stat.pickup.minecraft.wooden_axe":1,"stat.pickup.minecraft.crafting_table":1,"stat.pickup.minecraft.leather":3,"stat.mineBlock.minecraft.crafting_table":1,"stat.craftItem.minecraft.crafting_table":1,"stat.mineBlock.minecraft.double_plant":4,"stat.useItem.minecraft.wooden_pickaxe":4,"stat.mobKills":5,"stat.pickup.minecraft.cobblestone":4,"stat.mineBlock.minecraft.log":9,"stat.pickup.minecraft.log":9,"stat.flyOneCm":3643,"stat.drop":1,"stat.pickup.minecraft.wheat_seeds":4,"stat.jump":47,"stat.mineBlock.minecraft.leaves":1,"stat.playOneMinute":7741,"stat.fallOneCm":209,"stat.pickup.minecraft.beef":11,"stat.sneakTime":111,"stat.pickup.minecraft.wool":3,"stat.damageDealt":570,"stat.crouchOneCm":890,"stat.timeSinceDeath":7741,"stat.useItem.minecraft.wooden_axe":27,"stat.killEntity.Cow":5,"stat.sprintOneCm":21888,"stat.drop.minecraft.log":1,"stat.useItem.minecraft.stone_slab2":2,"stat.craftItem.minecraft.wooden_pickaxe":1,"stat.mineBlock.minecraft.stone":4,"stat.mineBlock.minecraft.tallgrass":10,"stat.craftItem.minecraft.stick":8,"stat.craftItem.minecraft.wooden_axe":1,"stat.craftingTableInteraction":2}