{"stat.craftItem.minecraft.bed":1,"stat.walkOneCm":63809,"stat.pickup.minecraft.wooden_axe":1,"stat.pickup.minecraft.crafting_table":2,"stat.mineBlock.minecraft.cobblestone":3,"stat.pickup.minecraft.stonebrick":7,"stat.craftItem.minecraft.crafting_table":1,"stat.mineBlock.minecraft.double_plant":4,"stat.pickup.minecraft.log":22,"stat.pickup.minecraft.stone_brick_stairs":3,"stat.jump":301,"stat.swimOneCm":1486,"stat.fallOneCm":3761,"stat.useItem.minecraft.planks":4,"stat.pickup.minecraft.beef":11,"stat.pickup.simpleores.tin_ore":2,"stat.pickup.minecraft.stone":1,"stat.pickup.minecraft.porkchop":1,"stat.crouchOneCm":1474,"stat.pickup.minecraft.sapling":3,"stat.killEntity.betteranimalsplus.boar":1,"stat.pickup.minecraft.dirt":3,"stat.sprintOneCm":69239,"stat.useItem.minecraft.stone_slab2":9,"stat.pickup.minecraft.iron_boots":1,"stat.craftItem.minecraft.stick":8,"stat.craftItem.minecraft.wooden_axe":2,"stat.craftingTableInteraction":3,"stat.mineBlock.minecraft.stone_brick_stairs":3,"stat.killEntity.wild_dog":1,"stat.mineBlock.minecraft.stonebrick":7,"stat.craftItem.minecraft.planks":80,"stat.mineBlock.simpleores.tin_ore":2,"stat.pickup.minecraft.leather":3,"stat.mineBlock.minecraft.crafting_table":2,"stat.damageTaken":458,"stat.craftItem.minecraft.stone_pickaxe":1,"stat.useItem.minecraft.wooden_pickaxe":4,"stat.mobKills":7,"stat.pickup.minecraft.cobblestone":7,"stat.mineBlock.minecraft.log":38,"stat.entityKilledBy.betteranimalsplus.boar":1,"stat.useItem.minecraft.beef":5,"stat.flyOneCm":18024,"stat.pickup.minecraft.bed":2,"stat.deaths":1,"stat.drop":1,"stat.pickup.minecraft.wheat_seeds":4,"stat.mineBlock.minecraft.leaves":1,"stat.playOneMinute":19741,"stat.useItem.minecraft.stone_pickaxe":22,"stat.sneakTime":198,"stat.pickup.minecraft.wool":3,"stat.damageDealt":996,"stat.sleepInBed":1,"stat.timeSinceDeath":5379,"stat.useItem.minecraft.wooden_axe":48,"stat.killEntity.Cow":5,"stat.drop.minecraft.log":1,"stat.mineBlock.minecraft.dirt":3,"stat.craftItem.minecraft.wooden_pickaxe":1,"stat.mineBlock.minecraft.stone":8,"stat.mineBlock.minecraft.tallgrass":14,"stat.diveOneCm":838}