{"stat.chestOpened":15,"stat.craftItem.simpleores.tin_ingot":10,"stat.pickup.minecraft.spruce_door":2,"stat.entityKilledBy.SniperSkeleton":1,"stat.pickup.minecraft.bone":4,"stat.pickup.minecraft.wooden_slab":8,"stat.craftItem.minecraft.ladder":6,"stat.pickup.minecraft.arrow":4,"stat.mineBlock.minecraft.cobblestone":3,"stat.craftItem.simpleores.tin_axe":1,"stat.useItem.minecraft.porkchop":6,"stat.pickup.minecraft.stone_brick_stairs":7,"stat.useItem.minecraft.mutton":10,"stat.jump":2122,"stat.swimOneCm":3134,"stat.pickup.minecraft.coal":4,"stat.fallOneCm":47460,"stat.useItem.minecraft.planks":767,"stat.climbOneCm":11185,"stat.pickup.simpleores.tin_ore":12,"stat.pickup.minecraft.porkchop":6,"stat.crouchOneCm":4139,"stat.mineBlock.minecraft.chest":1,"stat.craftItem.minecraft.torch":4,"stat.craftItem.minecraft.chest":3,"stat.killEntity.betteranimalsplus.boar":1,"stat.pickup.minecraft.dirt":128,"stat.useItem.minecraft.dirt":99,"stat.useItem.minecraft.stone_slab2":45,"stat.pickup.minecraft.iron_boots":1,"stat.entityKilledBy.GatlingSkeleton":1,"stat.craftingTableInteraction":40,"stat.mineBlock.minecraft.stone_brick_stairs":5,"stat.craftItem.minecraft.furnace":1,"stat.pickup.xlfoodmod.tomato_seeds":1,"stat.pickup.minecraft.wooden_pickaxe":1,"stat.pickup.minecraft.leather":3,"stat.damageTaken":3043,"stat.pickup.medieval_craft.longsword":1,"stat.pickup.animalium.rat_meat":1,"stat.killEntity.SniperSkeleton":1,"stat.craftItem.minecraft.stone_pickaxe":1,"stat.mineBlock.minecraft.torch":6,"stat.useItem.minecraft.wooden_pickaxe":13,"stat.pickup.minecraft.cobblestone":78,"stat.mineBlock.minecraft.wooden_slab":5,"stat.pickup.minecraft.planks":82,"stat.useItem.minecraft.stone_shovel":81,"stat.craftItem.minecraft.stone_sword":1,"stat.flyOneCm":155151,"stat.pickup.minecraft.bed":4,"tombstone:undead_killed":1,"stat.pickup.minecraft.wheat_seeds":4,"stat.useItem.minecraft.stone_pickaxe":121,"stat.craftItem.minecraft.birch_stairs":36,"stat.craftItem.minecraft.wooden_slab":72,"stat.useItem.minecraft.stone_sword":81,"stat.mineBlock.minecraft.end_stone":1,"stat.damageDealt":3358,"stat.useItem.minecraft.wool":1,"stat.sleepInBed":14,"stat.pickup.xlfoodmod.strawberry_seeds":1,"stat.timeSinceDeath":17293,"stat.killEntity.Cow":5,"stat.mineBlock.xlfoodmod.grass":1,"stat.drop.minecraft.log":1,"stat.mineBlock.minecraft.dirt":127,"stat.craftItem.minecraft.wooden_pickaxe":1,"stat.killEntity.Pig":3,"stat.useItem.minecraft.wooden_slab":77,"stat.pickup.minecraft.mutton":11,"stat.mineBlock.xlfoodmod.vanilla_flower":1,"stat.craftItem.minecraft.stone_shovel":1,"stat.craftItem.minecraft.birch_door":3,"stat.craftItem.minecraft.bed":1,"stat.walkOneCm":769244,"stat.useItem.minecraft.torch":8,"stat.useItem.minecraft.chest":1,"stat.pickup.minecraft.wooden_axe":1,"stat.pickup.minecraft.crafting_table":3,"stat.pickup.minecraft.stonebrick":21,"stat.useItem.minecraft.cobblestone":16,"stat.craftItem.minecraft.crafting_table":2,"stat.furnaceInteraction":2,"stat.mineBlock.minecraft.double_plant":4,"stat.mineBlock.minecraft.coal_ore":4,"stat.drop.minecraft.birch_stairs":1,"stat.pickup.minecraft.log":234,"stat.mineBlock.minecraft.birch_stairs":3,"stat.pickup.minecraft.beef":17,"stat.pickup.xlfoodmod.corn_seeds":1,"stat.pickup.minecraft.stone":3,"stat.drop.minecraft.planks":1,"stat.killEntity.rat":6,"stat.mineBlock.minecraft.wool":1,"stat.pickup.minecraft.birch_stairs":4,"stat.pickup.minecraft.sapling":74,"stat.sprintOneCm":598122,"stat.pickup.xlfoodmod.vanilla_flower":1,"stat.pickup.minecraft.iron_chestplate":1,"stat.pickup.minecraft.apple":5,"stat.craftItem.minecraft.stick":36,"stat.craftItem.minecraft.wooden_axe":5,"stat.pickup.minecraft.end_stone":2,"stat.killEntity.wild_dog":8,"stat.mineBlock.minecraft.stonebrick":15,"stat.craftItem.minecraft.planks":932,"stat.mineBlock.simpleores.tin_ore":12,"stat.mineBlock.minecraft.crafting_table":3,"stat.pickup.minecraft.stone_sword":2,"stat.useItem.minecraft.wooden_shovel":36,"stat.mobKills":31,"stat.mineBlock.minecraft.log":285,"stat.entityKilledBy.betteranimalsplus.boar":1,"stat.useItem.minecraft.beef":11,"stat.deaths":11,"stat.mineBlock.minecraft.planks":81,"stat.pickup.minecraft.bowl":2,"stat.entityKilledBy.wild_dog":6,"stat.useItem.minecraft.spruce_door":4,"stat.drop":3,"stat.mineBlock.minecraft.leaves":18,"stat.pickup.minecraft.egg":1,"stat.playOneMinute":181741,"stat.craftItem.minecraft.wooden_shovel":1,"stat.pickup.minecraft.torch":6,"stat.killEntity.Sheep":7,"stat.useItem.minecraft.ladder":4,"stat.sneakTime":581,"stat.pickup.minecraft.wool":11,"stat.useItem.minecraft.birch_stairs":32,"stat.useItem.minecraft.wooden_axe":136,"stat.mineBlock.minecraft.stone":82,"stat.mineBlock.minecraft.tallgrass":22,"stat.diveOneCm":1242,"stat.craftItem.minecraft.spruce_door":3,"stat.useItem.simpleores.tin_axe":47}