{"stat.chestOpened":4,"stat.pickup.minecraft.wooden_slab":8,"stat.mineBlock.minecraft.cobblestone":3,"stat.useItem.minecraft.porkchop":6,"stat.pickup.minecraft.stone_brick_stairs":3,"stat.jump":1307,"stat.swimOneCm":2579,"stat.pickup.minecraft.coal":2,"stat.fallOneCm":27421,"stat.useItem.minecraft.planks":325,"stat.pickup.simpleores.tin_ore":5,"stat.pickup.minecraft.porkchop":6,"stat.crouchOneCm":3088,"stat.craftItem.minecraft.torch":4,"stat.craftItem.minecraft.chest":1,"stat.killEntity.betteranimalsplus.boar":1,"stat.pickup.minecraft.dirt":45,"stat.useItem.minecraft.dirt":35,"stat.useItem.minecraft.stone_slab2":25,"stat.pickup.minecraft.iron_boots":1,"stat.craftingTableInteraction":18,"stat.mineBlock.minecraft.stone_brick_stairs":3,"stat.pickup.minecraft.leather":3,"stat.damageTaken":1512,"stat.craftItem.minecraft.stone_pickaxe":1,"stat.mineBlock.minecraft.torch":5,"stat.useItem.minecraft.wooden_pickaxe":4,"stat.pickup.minecraft.cobblestone":13,"stat.mineBlock.minecraft.wooden_slab":5,"stat.pickup.minecraft.planks":19,"stat.craftItem.minecraft.stone_sword":1,"stat.flyOneCm":78741,"stat.pickup.minecraft.bed":3,"stat.pickup.minecraft.wheat_seeds":4,"stat.useItem.minecraft.stone_pickaxe":47,"stat.craftItem.minecraft.birch_stairs":8,"stat.craftItem.minecraft.wooden_slab":72,"stat.useItem.minecraft.stone_sword":42,"stat.mineBlock.minecraft.end_stone":1,"stat.damageDealt":2438,"stat.useItem.minecraft.wool":1,"stat.sleepInBed":6,"stat.timeSinceDeath":8854,"stat.killEntity.Cow":5,"stat.drop.minecraft.log":1,"stat.mineBlock.minecraft.dirt":45,"stat.craftItem.minecraft.wooden_pickaxe":1,"stat.killEntity.Pig":3,"stat.useItem.minecraft.wooden_slab":77,"stat.pickup.minecraft.mutton":11,"stat.craftItem.minecraft.bed":1,"stat.walkOneCm":357143,"stat.useItem.minecraft.torch":6,"stat.pickup.minecraft.wooden_axe":1,"stat.pickup.minecraft.crafting_table":3,"stat.pickup.minecraft.stonebrick":7,"stat.craftItem.minecraft.crafting_table":2,"stat.mineBlock.minecraft.double_plant":4,"stat.mineBlock.minecraft.coal_ore":2,"stat.pickup.minecraft.log":150,"stat.mineBlock.minecraft.birch_stairs":2,"stat.pickup.minecraft.beef":17,"stat.pickup.minecraft.stone":2,"stat.drop.minecraft.planks":1,"stat.mineBlock.minecraft.wool":1,"stat.pickup.minecraft.birch_stairs":2,"stat.pickup.minecraft.sapling":34,"stat.sprintOneCm":285337,"stat.pickup.minecraft.apple":3,"stat.craftItem.minecraft.stick":16,"stat.craftItem.minecraft.wooden_axe":4,"stat.pickup.minecraft.end_stone":1,"stat.killEntity.wild_dog":4,"stat.mineBlock.minecraft.stonebrick":7,"stat.craftItem.minecraft.planks":572,"stat.mineBlock.simpleores.tin_ore":5,"stat.mineBlock.minecraft.crafting_table":3,"stat.useItem.minecraft.wooden_shovel":32,"stat.mobKills":20,"stat.mineBlock.minecraft.log":172,"stat.entityKilledBy.betteranimalsplus.boar":1,"stat.useItem.minecraft.beef":11,"stat.deaths":5,"stat.mineBlock.minecraft.planks":19,"stat.entityKilledBy.wild_dog":3,"stat.drop":2,"stat.mineBlock.minecraft.leaves":17,"stat.playOneMinute":91741,"stat.craftItem.minecraft.wooden_shovel":1,"stat.pickup.minecraft.torch":5,"stat.killEntity.Sheep":7,"stat.sneakTime":418,"stat.pickup.minecraft.wool":11,"stat.useItem.minecraft.birch_stairs":6,"stat.useItem.minecraft.wooden_axe":118,"stat.mineBlock.minecraft.stone":17,"stat.mineBlock.minecraft.tallgrass":19,"stat.diveOneCm":1242}