{"stat.mineBlock.simpleores.copper_ore":2,"stat.walkOneCm":136593,"stat.craftItem.minecraft.bed":1,"stat.pickup.betteranimalsplus.antler":4,"stat.leaveGame":6,"stat.pickup.minecraft.crafting_table":4,"stat.mineBlock.minecraft.cobblestone":1,"stat.useItem.minecraft.cobblestone":1,"stat.craftItem.minecraft.crafting_table":1,"stat.useItem.minecraft.apple":5,"stat.pickup.betteranimalsplus.venisonraw":6,"stat.mineBlock.minecraft.coal_ore":16,"stat.mineBlock.minecraft.brown_mushroom":1,"stat.useItem.minecraft.porkchop":6,"stat.pickup.minecraft.log":45,"stat.useItem.minecraft.mutton":7,"stat.jump":1000,"stat.swimOneCm":702,"stat.pickup.minecraft.coal":16,"stat.fallOneCm":32594,"stat.useItem.minecraft.planks":5,"stat.pickup.minecraft.beef":11,"stat.pickup.simpleores.tin_ore":11,"stat.useItem.minecraft.stone_axe":8,"stat.pickup.minecraft.porkchop":13,"stat.drop.minecraft.sapling":4,"stat.crouchOneCm":879,"stat.pickup.minecraft.sapling":22,"stat.pickup.minecraft.dirt":4,"stat.useItem.minecraft.dirt":1,"stat.sprintOneCm":136896,"stat.useItem.minecraft.stone_slab2":47,"stat.pickup.minecraft.apple":5,"stat.drop.minecraft.bed":1,"stat.craftItem.minecraft.stick":12,"stat.craftItem.minecraft.wooden_axe":1,"stat.craftingTableInteraction":8,"stat.craftItem.minecraft.planks":108,"stat.mineBlock.simpleores.tin_ore":11,"stat.craftItem.minecraft.stone_axe":1,"stat.damageTaken":610,"stat.mineBlock.minecraft.crafting_table":4,"stat.pickup.minecraft.leather":5,"stat.craftItem.minecraft.stone_pickaxe":1,"stat.useItem.minecraft.wooden_pickaxe":10,"stat.pickup.simpleores.copper_ore":2,"stat.mobKills":24,"stat.pickup.minecraft.cobblestone":24,"stat.mineBlock.minecraft.log":27,"stat.pickup.chococraft.gysahl_green_seeds":20,"stat.useItem.minecraft.beef":8,"stat.useItem.carryon.entity_item":1,"stat.useItem.betteranimalsplus.venisonraw":6,"stat.craftItem.minecraft.stone_sword":1,"stat.flyOneCm":214472,"stat.pickup.minecraft.bed":2,"stat.drop":5,"stat.pickup.minecraft.brown_mushroom":1,"stat.mineBlock.minecraft.leaves":17,"stat.playOneMinute":63988,"stat.killEntity.betteranimalsplus.deer":2,"stat.killEntity.Sheep":9,"stat.useItem.minecraft.stone_pickaxe":47,"stat.sneakTime":468,"stat.useItem.minecraft.stone_sword":32,"stat.pickup.minecraft.wool":9,"stat.damageDealt":2340,"stat.sleepInBed":1,"stat.timeSinceDeath":63988,"stat.pickup.chococraft.gysahl_green":10,"stat.useItem.minecraft.wooden_axe":27,"stat.killEntity.Cow":7,"stat.mineBlock.minecraft.dirt":4,"stat.craftItem.minecraft.wooden_pickaxe":1,"stat.mineBlock.minecraft.stone":23,"stat.killEntity.Pig":5,"stat.mineBlock.minecraft.tallgrass":1,"stat.diveOneCm":271,"stat.pickup.minecraft.mutton":12}