{"stat.craftItem.simpleores.tin_ingot":16,"stat.pickup.betteranimalsplus.antler":4,"stat.leaveGame":8,"stat.pickup.betteranimalsplus.goose_egg":1,"stat.pickup.betteranimalsplus.crab_meat_raw":6,"stat.pickup.medieval_craft.ingotsteel":5,"stat.useItem.minecraft.mutton":12,"stat.useItem.minecraft.planks":128,"stat.mineBlock.minecraft.web":1,"stat.useItem.malisisdoors.wood_sliding_door":5,"stat.pickup.minecraft.porkchop":18,"stat.mineBlock.minecraft.red_mushroom":5,"stat.drop.travelersbackpack.travelers_backpack":1,"stat.pickup.minecraft.rotten_flesh":8,"stat.pickup.betteranimalsplus.deerhead_4":1,"stat.pickup.minecraft.sand":343,"stat.pickup.defiledlands.book_wyrm_raw":1,"stat.craftItem.minecraft.stone_axe":7,"stat.killEntity.betteranimalsplus.fox":1,"stat.pickup.animalium.wild_dog_pelt":3,"stat.killEntity.bear":1,"stat.mineBlock.malisisdoors.big_door_oak_3x3":9,"stat.killEntity.FireCreeper":2,"stat.craftItem.minecraft.stone_sword":3,"stat.pickup.minecraft.chainmail_chestplate":1,"stat.pickup.minecraft.brown_mushroom":4,"stat.mineBlock.minecraft.sand":302,"stat.drop.minecraft.sand":1,"stat.useItem.betteranimalsplus.pheasantraw":3,"stat.mineBlock.futuremc.stripped_oak_log":2,"stat.pickup.betteranimalsplus.eel_meat_raw":2,"stat.useItem.defiledlands.blastem_fruit":4,"stat.pickup.xlfoodmod.strawberry_seeds":1,"stat.drop.minecraft.diamond":3,"stat.useItem.minecraft.iron_pickaxe":250,"stat.craftItem.minecraft.wooden_pickaxe":2,"stat.mineBlock.chisel.planks-spruce":16,"stat.craftItem.simpleores.mythril_ingot":1,"stat.pickup.minecraft.double_plant":14,"stat.craftItem.minecraft.bed":1,"stat.craftItem.simpleores.tin_leggings":1,"stat.useItem.futuremc.oak_wood":122,"stat.mineBlock.chisel.marble2":25,"stat.useItem.minecraft.oak_stairs":3,"stat.furnaceInteraction":53,"stat.pickup.xlfoodmod.lettuce_seeds":2,"stat.pickup.minecraft.beef":24,"stat.pickup.aquaculture.loot":2,"stat.craftItem.paraglider.paraglider":2,"stat.pickup.minecraft.iron_chestplate":2,"stat.pickup.futuremc.stripped_oak_log":2,"stat.mineBlock.simpleores.tin_ore":17,"stat.killEntity.GiantSpider":1,"stat.pickup.foodexpansion.itemsquid":4,"stat.pickup.defiledlands.blastem_seed":5,"stat.useItem.minecraft.beef":19,"stat.mineBlock.minecraft.oak_stairs":4,"stat.deaths":3,"stat.pickup.minecraft.bowl":3,"stat.craftItem.futuremc.oak_wood":102,"stat.pickup.minecraft.egg":1,"stat.playOneMinute":727902,"stat.craftItem.aquaculture.fishing_rod":1,"stat.mineBlock.defiledlands.grass_defiled":5,"stat.craftItem.minecraft.iron_pickaxe":1,"stat.useItem.chisel.planks-oak":128,"stat.craftItem.simpleores.tin_helmet":1,"stat.pickup.chisel.marble2":25,"stat.mineBlock.minecraft.tallgrass":81,"stat.fishCaught":4,"stat.pickup.chisel.dirt":2,"stat.chestOpened":132,"stat.pickup.minecraft.pumpkin":6,"stat.craftItem.minecraft.mushroom_stew":3,"stat.killEntity.betteranimalsplus.goose":1,"stat.useItem.minecraft.fish":1,"stat.mineBlock.futuremc.oak_wood":29,"stat.pickup.minecraft.arrow":1,"stat.mineBlock.chisel.dirt":2,"stat.pickup.betteranimalsplus.venisonraw":6,"stat.killEntity.betteranimalsplus.shark":3,"stat.fallOneCm":346305,"stat.pickup.simpleores.tin_ore":17,"stat.pickup.foodexpansion.itemwolfmeat":1,"stat.drop.minecraft.dye":1,"stat.drop.minecraft.stone_sword":1,"stat.crouchOneCm":54036,"stat.craftItem.minecraft.chest":10,"stat.craftItem.minecraft.iron_ingot":4,"stat.drop.minecraft.mushroom_stew":2,"stat.pickup.minecraft.red_mushroom":5,"stat.craftItem.malisisdoors.big_door_oak_3x3":1,"stat.useItem.minecraft.iron_hoe":5,"stat.craftingTableInteraction":91,"stat.pickup.minecraft.mushroom_stew":1,"stat.pickup.defiledlands.book_wyrm_scale":2,"stat.pickup.minecraft.feather":6,"stat.pickup.minecraft.dye":4,"stat.pickup.minecraft.planks":324,"stat.pickup.minecraft.iron_leggings":1,"stat.pickup.chisel.limestone2":3,"stat.pickup.aquaculture.fish":4,"stat.pickup.minecraft.wheat_seeds":10,"stat.mineBlock.minecraft.gravel":25,"stat.useItem.minecraft.stone_pickaxe":1395,"stat.useItem.chisel.planks-spruce":361,"stat.pickup.waystones.waystone":2,"stat.useItem.minecraft.stone_sword":219,"stat.craftItem.minecraft.oak_stairs":4,"stat.mineBlock.xlfoodmod.grass":3,"stat.mineBlock.minecraft.dirt":1678,"stat.pickup.defiledlands.foul_slime":1,"stat.mineBlock.simpleores.copper_ore":5,"stat.useItem.minecraft.torch":72,"stat.pickup.malisisdoors.wood_sliding_door":6,"stat.drop.minecraft.porkchop":1,"stat.pickup.minecraft.crafting_table":8,"stat.useItem.minecraft.log":122,"stat.useItem.minecraft.cobblestone":1,"stat.craftItem.minecraft.crafting_table":5,"stat.useItem.defiledlands.blastem_seed":1,"stat.mineBlock.minecraft.double_plant":12,"stat.craftItem.minecraft.boat":9,"stat.pickup.minecraft.iron_hoe":2,"stat.killEntity.betteranimalsplus.horseshoecrab":3,"stat.pickup.minecraft.log":632,"stat.drop.minecraft.sapling":5,"stat.pickup.minecraft.chicken":4,"stat.pickup.medieval_craft.heavyplatearmorhelmet":1,"stat.pickup.chisel.planks-spruce":16,"stat.craftItem.chisel.chisel_iron":2,"stat.pickup.minecraft.chainmail_leggings":1,"stat.mineBlock.chisel.stonebrick2":1,"stat.pickup.minecraft.sapling":126,"stat.mineBlock.chisel.glass":12,"stat.pickup.minecraft.apple":20,"stat.pickup.minecraft.beetroot":1,"stat.drop.minecraft.fish":1,"stat.craftItem.minecraft.planks":1316,"stat.killEntity.Bonepile":1,"stat.craftItem.minecraft.fishing_rod":1,"stat.pickup.minecraft.stone_sword":2,"stat.useItem.betteranimalsplus.goose_egg":1,"stat.mineBlock.minecraft.log":611,"stat.craftItem.minecraft.wooden_door":6,"stat.useItem.carryon.entity_item":2,"stat.killEntity.FireZombie":1,"stat.pickup.minecraft.red_flower":1,"stat.sneakTime":14369,"stat.pickup.minecraft.wool":15,"stat.killEntity.betteranimalsplus.badger":1,"stat.useItem.minecraft.wooden_axe":27,"stat.drop.minecraft.stone_pickaxe":2,"stat.useItem.minecraft.mushroom_stew":177,"stat.pickup.minecraft.bone":7,"stat.drop.minecraft.beetroot":1,"stat.useItem.minecraft.iron_axe":120,"stat.killEntity.HuskZombie":1,"stat.mineBlock.minecraft.cobblestone":11,"stat.mineBlock.minecraft.pumpkin":6,"stat.drop.xlfoodmod.onion":1,"stat.pickup.chisel.planks-oak":13,"stat.pickup.minecraft.stone_pickaxe":10,"stat.pickup.minecraft.flint":1,"stat.mineBlock.minecraft.brown_mushroom":5,"stat.pickup.futuremc.oak_wood":29,"stat.swimOneCm":128396,"stat.climbOneCm":752,"stat.mineBlock.minecraft.spruce_stairs":1,"stat.useItem.minecraft.dirt":1538,"stat.useItem.chococraft.gysahl_green":16,"stat.killEntity.betteranimalsplus.boar":1,"stat.useItem.minecraft.stone_slab2":234,"stat.pickup.minecraft.iron_boots":1,"stat.craftItem.minecraft.furnace":2,"stat.useItem.minecraft.egg":1,"stat.killEntity.betteranimalsplus.jellyfish":1,"stat.craftItem.minecraft.stone_pickaxe":18,"stat.pickup.simpleores.copper_ore":5,"stat.killEntity.betteranimalsplus.crab":4,"stat.pickup.minecraft.cobblestone":1031,"stat.useItem.minecraft.stone_shovel":2111,"stat.mineBlock.chisel.limestone2":3,"stat.flyOneCm":2536070,"stat.pickup.minecraft.fish":8,"stat.killEntity.betteranimalsplus.deer":2,"stat.pickup.defiledlands.dirt_defiled":7,"stat.mineBlock.minecraft.iron_ore":4,"stat.timeSinceDeath":251667,"stat.pickup.chococraft.lovely_gysahl_green":11,"stat.pickup.minecraft.mutton":15,"stat.pickup.ancientbeasts.kunai":1,"stat.killEntity.FireSkeleton":1,"stat.pickup.xlfoodmod.cucumber_seeds":1,"stat.drop.minecraft.dirt":1,"stat.killEntity.Wolf":1,"stat.mineBlock.minecraft.coal_ore":51,"stat.craftItem.minecraft.stone_hoe":1,"stat.talkedToVillager":9,"stat.pickup.minecraft.string":5,"stat.pickup.comforts.sleeping_bag":3,"stat.pickup.xlfoodmod.corn_seeds":2,"stat.craftItem.malisisdoors.wood_sliding_door":3,"stat.craftItem.minecraft.stone_slab2":0,"stat.drop.chisel.dirt":1,"stat.killEntity.rat":10,"stat.useItem.foodexpansion.itemsquid":2,"stat.killEntity.Squid":1,"stat.mineBlock.defiledlands.dirt_defiled":2,"stat.sprintOneCm":2224254,"stat.pickup.minecraft.paper":1,"stat.killEntity.betteranimalsplus.pheasant":1,"stat.craftItem.minecraft.stick":134,"stat.craftItem.minecraft.wooden_axe":1,"stat.useItem.carryon.tile_item":6,"stat.craftItem.minecraft.stone":192,"stat.pickup.farlanders.ender_horn":3,"stat.mineBlock.minecraft.crafting_table":8,"stat.pickup.chococraft.gysahl_green_seeds":121,"stat.drop.minecraft.boat":1,"stat.useItem.betteranimalsplus.venisonraw":6,"stat.mineBlock.minecraft.planks":128,"stat.drop":28,"stat.killEntity.Sheep":12,"stat.killEntity.defiledlands.book_wyrm":2,"stat.pickup.minecraft.fire_charge":5,"stat.pickup.chisel.stonebrick2":1,"stat.diveOneCm":181113,"stat.drop.futuremc.oak_wood":2,"stat.drop.minecraft.wooden_pickaxe":1,"stat.pickup.minecraft.gravel":25,"stat.pickup.defiledlands.blastem_fruit":5,"stat.useItem.minecraft.chicken":4,"stat.pickup.minecraft.stone_axe":2,"stat.useItem.minecraft.apple":5,"stat.useItem.minecraft.porkchop":13,"stat.useItem.minecraft.rotten_flesh":1,"stat.pickup.xlfoodmod.onion":1,"stat.craftItem.simpleores.tin_boots":1,"stat.jump":13916,"stat.useItem.minecraft.sand":126,"stat.pickup.minecraft.coal":52,"stat.pickup.minecraft.iron_ingot":3,"stat.useItem.minecraft.stone_axe":417,"stat.pickup.minecraft.gunpowder":5,"stat.pickup.malisisdoors.big_door_oak_3x3":9,"stat.pickup.minecraft.spider_eye":4,"stat.craftItem.minecraft.torch":52,"stat.pickup.minecraft.dirt":1733,"stat.craftItem.comforts.sleeping_bag":1,"stat.drop.minecraft.bed":1,"stat.pickup.minecraft.iron_ore":4,"stat.boatOneCm":516745,"stat.pickup.minecraft.iron_axe":3,"stat.pickup.xlfoodmod.tomato_seeds":2,"stat.damageTaken":9195,"stat.pickup.minecraft.leather":7,"stat.mineBlock.minecraft.torch":29,"stat.mineBlock.minecraft.red_flower":1,"stat.useItem.minecraft.wooden_pickaxe":33,"stat.pickup.minecraft.prismarine_shard":2,"stat.killEntity.DirtCreeper":1,"stat.entityKilledBy.piranha":2,"stat.killEntity.redknight":1,"stat.pickup.minecraft.reeds":17,"stat.pickup.minecraft.bed":5,"tombstone:undead_killed":9,"stat.useItem.chisel.glass":24,"stat.pickup.minecraft.oak_stairs":4,"stat.damageDealt":19894,"stat.craftItem.minecraft.glass":53,"stat.sleepInBed":49,"stat.craftItem.minecraft.bowl":4,"stat.pickup.chococraft.gysahl_green":53,"stat.killEntity.Cow":11,"stat.killEntity.Pig":5,"stat.pickup.minecraft.boat":22,"stat.craftItem.minecraft.stone_shovel":17,"stat.mineBlock.defiledlands.stone_defiled":567,"stat.walkOneCm":2269122,"stat.useItem.minecraft.chest":4,"stat.pickup.minecraft.stick":5,"stat.killEntity.piranha":45,"stat.useItem.betteranimalsplus.crab_meat_raw":3,"stat.useItem.tombstone.gift":1,"stat.useItem.minecraft.spruce_stairs":13,"stat.pickup.betteranimalsplus.pheasantraw":3,"stat.pickup.minecraft.ender_pearl":1,"stat.killEntity.wild_dog":20,"stat.killEntity.Chicken":5,"stat.pickup.defiledlands.stone_defiled":581,"stat.pickup.minecraft.bread":1,"stat.killEntity.betteranimalsplus.lamprey":1,"stat.mobKills":162,"stat.useItem.minecraft.boat":22,"stat.mineBlock.minecraft.leaves":80,"stat.pickup.minecraft.torch":36,"stat.pickup.minecraft.spruce_stairs":1,"stat.mineBlock.chisel.planks-oak":14,"stat.drop.minecraft.stone_axe":1,"stat.craftItem.minecraft.spruce_stairs":16,"stat.killEntity.defiledlands.slime_defiled":3,"stat.mineBlock.minecraft.stone":964}