{"stat.craftItem.simpleores.tin_ingot":16,"stat.pickup.betteranimalsplus.antler":4,"stat.leaveGame":7,"stat.pickup.betteranimalsplus.crab_meat_raw":3,"stat.pickup.medieval_craft.ingotsteel":3,"stat.useItem.minecraft.mutton":12,"stat.useItem.minecraft.planks":109,"stat.pickup.minecraft.porkchop":13,"stat.mineBlock.minecraft.red_mushroom":5,"stat.pickup.minecraft.rotten_flesh":1,"stat.pickup.minecraft.sand":292,"stat.craftItem.minecraft.stone_axe":2,"stat.killEntity.betteranimalsplus.fox":1,"stat.craftItem.minecraft.stone_sword":1,"stat.pickup.minecraft.brown_mushroom":4,"stat.mineBlock.minecraft.sand":250,"stat.useItem.betteranimalsplus.pheasantraw":3,"stat.craftItem.minecraft.wooden_pickaxe":2,"stat.craftItem.simpleores.mythril_ingot":1,"stat.pickup.minecraft.double_plant":1,"stat.craftItem.minecraft.bed":1,"stat.craftItem.simpleores.tin_leggings":1,"stat.mineBlock.chisel.marble2":25,"stat.furnaceInteraction":18,"stat.pickup.xlfoodmod.lettuce_seeds":2,"stat.pickup.minecraft.beef":24,"stat.pickup.aquaculture.loot":2,"stat.pickup.minecraft.iron_chestplate":1,"stat.mineBlock.simpleores.tin_ore":17,"stat.killEntity.GiantSpider":1,"stat.pickup.foodexpansion.itemsquid":4,"stat.useItem.minecraft.beef":19,"stat.deaths":2,"stat.playOneMinute":271915,"stat.craftItem.aquaculture.fishing_rod":1,"stat.craftItem.simpleores.tin_helmet":1,"stat.pickup.chisel.marble2":25,"stat.mineBlock.minecraft.tallgrass":55,"stat.fishCaught":4,"stat.chestOpened":49,"stat.pickup.minecraft.pumpkin":6,"stat.craftItem.minecraft.mushroom_stew":3,"stat.killEntity.betteranimalsplus.goose":1,"stat.useItem.minecraft.fish":1,"stat.pickup.betteranimalsplus.venisonraw":6,"stat.killEntity.betteranimalsplus.shark":1,"stat.fallOneCm":147378,"stat.pickup.simpleores.tin_ore":17,"stat.drop.minecraft.stone_sword":1,"stat.crouchOneCm":10102,"stat.craftItem.minecraft.chest":2,"stat.craftItem.minecraft.iron_ingot":4,"stat.drop.minecraft.mushroom_stew":1,"stat.pickup.minecraft.red_mushroom":5,"stat.craftingTableInteraction":35,"stat.pickup.minecraft.feather":6,"stat.pickup.minecraft.dye":2,"stat.pickup.minecraft.planks":16,"stat.pickup.chisel.limestone2":3,"stat.pickup.aquaculture.fish":4,"stat.pickup.minecraft.wheat_seeds":7,"stat.mineBlock.minecraft.gravel":25,"stat.useItem.minecraft.stone_pickaxe":195,"stat.useItem.minecraft.stone_sword":125,"stat.mineBlock.xlfoodmod.grass":3,"stat.mineBlock.minecraft.dirt":725,"stat.mineBlock.simpleores.copper_ore":5,"stat.useItem.minecraft.torch":11,"stat.pickup.minecraft.crafting_table":8,"stat.useItem.minecraft.log":116,"stat.useItem.minecraft.cobblestone":1,"stat.craftItem.minecraft.crafting_table":3,"stat.mineBlock.minecraft.double_plant":2,"stat.craftItem.minecraft.boat":1,"stat.pickup.minecraft.log":209,"stat.drop.minecraft.sapling":4,"stat.pickup.minecraft.chicken":4,"stat.pickup.medieval_craft.heavyplatearmorhelmet":1,"stat.craftItem.chisel.chisel_iron":1,"stat.pickup.minecraft.sapling":51,"stat.pickup.minecraft.apple":10,"stat.craftItem.minecraft.planks":232,"stat.craftItem.minecraft.fishing_rod":1,"stat.pickup.minecraft.stone_sword":1,"stat.mineBlock.minecraft.log":209,"stat.useItem.carryon.entity_item":1,"stat.sneakTime":2874,"stat.pickup.minecraft.wool":13,"stat.useItem.minecraft.wooden_axe":27,"stat.useItem.minecraft.mushroom_stew":37,"stat.pickup.minecraft.bone":1,"stat.mineBlock.minecraft.cobblestone":1,"stat.mineBlock.minecraft.pumpkin":6,"stat.drop.xlfoodmod.onion":1,"stat.pickup.minecraft.flint":1,"stat.mineBlock.minecraft.brown_mushroom":5,"stat.swimOneCm":51720,"stat.useItem.minecraft.dirt":692,"stat.useItem.chococraft.gysahl_green":16,"stat.useItem.minecraft.stone_slab2":101,"stat.pickup.minecraft.iron_boots":1,"stat.craftItem.minecraft.furnace":1,"stat.craftItem.minecraft.stone_pickaxe":2,"stat.pickup.simpleores.copper_ore":5,"stat.killEntity.betteranimalsplus.crab":1,"stat.pickup.minecraft.cobblestone":109,"stat.useItem.minecraft.stone_shovel":1095,"stat.mineBlock.chisel.limestone2":3,"stat.flyOneCm":929482,"stat.pickup.minecraft.fish":2,"stat.killEntity.betteranimalsplus.deer":2,"stat.mineBlock.minecraft.iron_ore":4,"stat.timeSinceDeath":86887,"stat.pickup.chococraft.lovely_gysahl_green":5,"stat.pickup.minecraft.mutton":13,"stat.pickup.xlfoodmod.cucumber_seeds":1,"stat.drop.minecraft.dirt":1,"stat.mineBlock.minecraft.coal_ore":49,"stat.craftItem.minecraft.stone_hoe":1,"stat.pickup.minecraft.string":4,"stat.pickup.xlfoodmod.corn_seeds":2,"stat.craftItem.minecraft.stone_slab2":0,"stat.killEntity.rat":1,"stat.useItem.foodexpansion.itemsquid":2,"stat.killEntity.Squid":1,"stat.sprintOneCm":802365,"stat.pickup.minecraft.paper":1,"stat.killEntity.betteranimalsplus.pheasant":1,"stat.craftItem.minecraft.stick":42,"stat.craftItem.minecraft.wooden_axe":1,"stat.useItem.carryon.tile_item":5,"stat.mineBlock.minecraft.crafting_table":8,"stat.pickup.chococraft.gysahl_green_seeds":52,"stat.useItem.betteranimalsplus.venisonraw":6,"stat.mineBlock.minecraft.planks":16,"stat.drop":10,"stat.killEntity.Sheep":10,"stat.diveOneCm":47240,"stat.drop.minecraft.wooden_pickaxe":1,"stat.pickup.minecraft.gravel":24,"stat.useItem.minecraft.chicken":4,"stat.useItem.minecraft.apple":5,"stat.useItem.minecraft.porkchop":13,"stat.useItem.minecraft.rotten_flesh":1,"stat.pickup.xlfoodmod.onion":1,"stat.craftItem.simpleores.tin_boots":1,"stat.jump":5306,"stat.useItem.minecraft.sand":85,"stat.pickup.minecraft.coal":49,"stat.useItem.minecraft.stone_axe":112,"stat.pickup.minecraft.gunpowder":3,"stat.pickup.minecraft.spider_eye":2,"stat.craftItem.minecraft.torch":16,"stat.pickup.minecraft.dirt":746,"stat.craftItem.comforts.sleeping_bag":1,"stat.drop.minecraft.bed":1,"stat.pickup.minecraft.iron_ore":4,"stat.boatOneCm":251687,"stat.pickup.xlfoodmod.tomato_seeds":2,"stat.damageTaken":2942,"stat.pickup.minecraft.leather":7,"stat.mineBlock.minecraft.torch":1,"stat.useItem.minecraft.wooden_pickaxe":33,"stat.entityKilledBy.piranha":1,"stat.pickup.minecraft.reeds":9,"stat.pickup.minecraft.bed":5,"tombstone:undead_killed":3,"stat.damageDealt":6520,"stat.sleepInBed":18,"stat.craftItem.minecraft.bowl":4,"stat.pickup.chococraft.gysahl_green":23,"stat.killEntity.Cow":11,"stat.killEntity.Pig":5,"stat.pickup.minecraft.boat":10,"stat.craftItem.minecraft.stone_shovel":9,"stat.walkOneCm":890744,"stat.useItem.minecraft.chest":1,"stat.pickup.minecraft.stick":1,"stat.killEntity.piranha":15,"stat.useItem.betteranimalsplus.crab_meat_raw":3,"stat.useItem.tombstone.gift":1,"stat.pickup.betteranimalsplus.pheasantraw":3,"stat.killEntity.wild_dog":2,"stat.killEntity.Chicken":5,"stat.mobKills":67,"stat.useItem.minecraft.boat":10,"stat.mineBlock.minecraft.leaves":44,"stat.pickup.minecraft.torch":1,"stat.mineBlock.minecraft.stone":109}