{"stat.chestOpened":1,"stat.pickup.minecraft.pumpkin":6,"stat.killEntity.betteranimalsplus.goose":1,"stat.pickup.betteranimalsplus.antler":4,"stat.leaveGame":6,"stat.mineBlock.minecraft.cobblestone":1,"stat.mineBlock.minecraft.pumpkin":6,"stat.useItem.minecraft.chicken":4,"stat.useItem.minecraft.apple":5,"stat.pickup.betteranimalsplus.venisonraw":6,"stat.mineBlock.minecraft.brown_mushroom":3,"stat.pickup.betteranimalsplus.crab_meat_raw":3,"stat.useItem.minecraft.porkchop":13,"stat.useItem.minecraft.rotten_flesh":1,"stat.useItem.minecraft.mutton":12,"stat.jump":2679,"stat.swimOneCm":13128,"stat.pickup.minecraft.coal":25,"stat.fallOneCm":81317,"stat.useItem.minecraft.planks":5,"stat.pickup.simpleores.tin_ore":16,"stat.useItem.minecraft.stone_axe":32,"stat.pickup.minecraft.porkchop":13,"stat.crouchOneCm":880,"stat.pickup.minecraft.dirt":15,"stat.useItem.minecraft.dirt":3,"stat.useItem.chococraft.gysahl_green":12,"stat.useItem.minecraft.stone_slab2":52,"stat.craftItem.comforts.sleeping_bag":1,"stat.drop.minecraft.bed":1,"stat.craftingTableInteraction":10,"stat.pickup.minecraft.iron_ore":4,"stat.pickup.minecraft.rotten_flesh":1,"stat.boatOneCm":144863,"stat.craftItem.minecraft.stone_axe":1,"stat.damageTaken":1040,"stat.pickup.minecraft.leather":7,"stat.pickup.minecraft.feather":6,"stat.craftItem.minecraft.stone_pickaxe":1,"stat.useItem.minecraft.wooden_pickaxe":10,"stat.pickup.simpleores.copper_ore":5,"stat.killEntity.betteranimalsplus.crab":1,"stat.pickup.minecraft.cobblestone":24,"stat.pickup.minecraft.dye":2,"stat.pickup.minecraft.reeds":9,"stat.craftItem.minecraft.stone_sword":1,"stat.pickup.minecraft.bed":3,"stat.flyOneCm":479228,"tombstone:undead_killed":1,"stat.pickup.minecraft.brown_mushroom":3,"stat.pickup.minecraft.wheat_seeds":2,"stat.killEntity.betteranimalsplus.deer":2,"stat.useItem.minecraft.stone_pickaxe":102,"stat.useItem.minecraft.stone_sword":74,"stat.useItem.betteranimalsplus.pheasantraw":3,"stat.damageDealt":3743,"stat.mineBlock.minecraft.iron_ore":4,"stat.sleepInBed":6,"stat.timeSinceDeath":117988,"stat.pickup.chococraft.gysahl_green":20,"stat.killEntity.Cow":11,"stat.mineBlock.xlfoodmod.grass":1,"stat.mineBlock.minecraft.dirt":16,"stat.pickup.chococraft.lovely_gysahl_green":5,"stat.craftItem.minecraft.wooden_pickaxe":1,"stat.killEntity.Pig":5,"stat.pickup.minecraft.mutton":12,"stat.mineBlock.simpleores.copper_ore":5,"stat.pickup.minecraft.boat":6,"stat.walkOneCm":294376,"stat.craftItem.minecraft.bed":1,"stat.mineBlock.chisel.marble2":25,"stat.pickup.minecraft.crafting_table":6,"stat.useItem.minecraft.cobblestone":1,"stat.craftItem.minecraft.crafting_table":1,"stat.killEntity.piranha":1,"stat.pickup.xlfoodmod.lettuce_seeds":1,"stat.mineBlock.minecraft.coal_ore":25,"stat.craftItem.minecraft.boat":1,"stat.useItem.betteranimalsplus.crab_meat_raw":3,"stat.pickup.minecraft.log":53,"stat.pickup.minecraft.beef":24,"stat.pickup.xlfoodmod.corn_seeds":1,"stat.drop.minecraft.sapling":4,"stat.killEntity.rat":1,"stat.pickup.minecraft.chicken":4,"stat.pickup.betteranimalsplus.pheasantraw":3,"stat.pickup.minecraft.sapling":23,"stat.killEntity.Squid":1,"stat.sprintOneCm":364895,"stat.killEntity.betteranimalsplus.pheasant":1,"stat.pickup.minecraft.apple":5,"stat.craftItem.minecraft.stick":12,"stat.craftItem.minecraft.wooden_axe":1,"stat.craftItem.minecraft.planks":108,"stat.mineBlock.simpleores.tin_ore":16,"stat.killEntity.Chicken":5,"stat.mineBlock.minecraft.crafting_table":6,"stat.pickup.foodexpansion.itemsquid":2,"stat.mobKills":42,"stat.mineBlock.minecraft.log":35,"stat.pickup.chococraft.gysahl_green_seeds":52,"stat.useItem.minecraft.beef":19,"stat.useItem.carryon.entity_item":1,"stat.useItem.betteranimalsplus.venisonraw":6,"stat.useItem.minecraft.boat":6,"stat.drop":5,"stat.mineBlock.minecraft.leaves":33,"stat.playOneMinute":117988,"stat.killEntity.Sheep":9,"stat.sneakTime":492,"stat.pickup.minecraft.wool":12,"stat.useItem.minecraft.wooden_axe":27,"stat.mineBlock.minecraft.stone":23,"stat.pickup.chisel.marble2":25,"stat.mineBlock.minecraft.tallgrass":20,"stat.diveOneCm":8104}