{"stat.walkOneCm":61794,"stat.leaveGame":6,"stat.pickup.minecraft.crafting_table":1,"stat.craftItem.minecraft.crafting_table":1,"stat.useItem.minecraft.apple":4,"stat.mineBlock.minecraft.brown_mushroom":1,"stat.pickup.minecraft.log":45,"stat.useItem.minecraft.mutton":2,"stat.jump":418,"stat.swimOneCm":558,"stat.fallOneCm":11926,"stat.useItem.minecraft.planks":5,"stat.pickup.minecraft.beef":11,"stat.drop.minecraft.sapling":4,"stat.crouchOneCm":33,"stat.pickup.minecraft.sapling":21,"stat.pickup.minecraft.dirt":1,"stat.sprintOneCm":63426,"stat.useItem.minecraft.stone_slab2":42,"stat.pickup.minecraft.apple":4,"stat.drop.minecraft.bed":1,"stat.craftItem.minecraft.stick":4,"stat.craftItem.minecraft.wooden_axe":1,"stat.craftingTableInteraction":1,"stat.craftItem.minecraft.planks":108,"stat.damageTaken":360,"stat.mineBlock.minecraft.crafting_table":1,"stat.pickup.minecraft.leather":5,"stat.mobKills":10,"stat.mineBlock.minecraft.log":27,"stat.useItem.minecraft.beef":8,"stat.useItem.carryon.entity_item":1,"stat.flyOneCm":139566,"stat.pickup.minecraft.bed":1,"stat.drop":5,"stat.pickup.minecraft.brown_mushroom":1,"stat.mineBlock.minecraft.leaves":9,"stat.playOneMinute":39988,"stat.killEntity.Sheep":2,"stat.sneakTime":197,"stat.pickup.minecraft.wool":2,"stat.damageDealt":990,"stat.timeSinceDeath":39988,"stat.useItem.minecraft.wooden_axe":24,"stat.killEntity.Cow":7,"stat.mineBlock.minecraft.dirt":1,"stat.diveOneCm":271,"stat.pickup.minecraft.mutton":3}