{"stat.chestOpened":1,"stat.pickup.minecraft.pumpkin":6,"stat.pickup.betteranimalsplus.antler":4,"stat.leaveGame":6,"stat.mineBlock.minecraft.cobblestone":1,"stat.mineBlock.minecraft.pumpkin":6,"stat.useItem.minecraft.chicken":2,"stat.useItem.minecraft.apple":5,"stat.pickup.betteranimalsplus.venisonraw":6,"stat.mineBlock.minecraft.brown_mushroom":3,"stat.pickup.betteranimalsplus.crab_meat_raw":3,"stat.useItem.minecraft.porkchop":13,"stat.useItem.minecraft.mutton":12,"stat.jump":1910,"stat.swimOneCm":6636,"stat.pickup.minecraft.coal":16,"stat.fallOneCm":59191,"stat.useItem.minecraft.planks":5,"stat.pickup.simpleores.tin_ore":11,"stat.useItem.minecraft.stone_axe":21,"stat.pickup.minecraft.porkchop":13,"stat.crouchOneCm":879,"stat.pickup.minecraft.dirt":5,"stat.useItem.minecraft.dirt":3,"stat.useItem.minecraft.stone_slab2":49,"stat.drop.minecraft.bed":1,"stat.craftingTableInteraction":9,"stat.boatOneCm":21083,"stat.craftItem.minecraft.stone_axe":1,"stat.damageTaken":880,"stat.pickup.minecraft.leather":7,"stat.pickup.minecraft.feather":4,"stat.craftItem.minecraft.stone_pickaxe":1,"stat.useItem.minecraft.wooden_pickaxe":10,"stat.pickup.simpleores.copper_ore":5,"stat.killEntity.betteranimalsplus.crab":1,"stat.pickup.minecraft.cobblestone":24,"stat.pickup.minecraft.dye":2,"stat.pickup.minecraft.reeds":6,"stat.craftItem.minecraft.stone_sword":1,"stat.pickup.minecraft.bed":2,"stat.flyOneCm":366204,"stat.pickup.minecraft.brown_mushroom":3,"stat.killEntity.betteranimalsplus.deer":2,"stat.useItem.minecraft.stone_pickaxe":75,"stat.useItem.minecraft.stone_sword":55,"stat.damageDealt":3213,"stat.sleepInBed":2,"stat.timeSinceDeath":93988,"stat.pickup.chococraft.gysahl_green":15,"stat.killEntity.Cow":11,"stat.mineBlock.minecraft.dirt":5,"stat.pickup.chococraft.lovely_gysahl_green":1,"stat.craftItem.minecraft.wooden_pickaxe":1,"stat.killEntity.Pig":5,"stat.pickup.minecraft.mutton":12,"stat.mineBlock.simpleores.copper_ore":5,"stat.pickup.minecraft.boat":1,"stat.walkOneCm":214332,"stat.craftItem.minecraft.bed":1,"stat.mineBlock.chisel.marble2":25,"stat.pickup.minecraft.crafting_table":5,"stat.useItem.minecraft.cobblestone":1,"stat.craftItem.minecraft.crafting_table":1,"stat.mineBlock.minecraft.coal_ore":16,"stat.craftItem.minecraft.boat":1,"stat.pickup.minecraft.log":45,"stat.pickup.minecraft.beef":24,"stat.drop.minecraft.sapling":4,"stat.killEntity.rat":1,"stat.pickup.minecraft.chicken":4,"stat.pickup.minecraft.sapling":23,"stat.killEntity.Squid":1,"stat.sprintOneCm":274665,"stat.pickup.minecraft.apple":5,"stat.craftItem.minecraft.stick":12,"stat.craftItem.minecraft.wooden_axe":1,"stat.craftItem.minecraft.planks":108,"stat.mineBlock.simpleores.tin_ore":11,"stat.killEntity.Chicken":4,"stat.mineBlock.minecraft.crafting_table":5,"stat.pickup.foodexpansion.itemsquid":2,"stat.mobKills":36,"stat.mineBlock.minecraft.log":27,"stat.pickup.chococraft.gysahl_green_seeds":32,"stat.useItem.minecraft.beef":19,"stat.useItem.carryon.entity_item":1,"stat.useItem.betteranimalsplus.venisonraw":6,"stat.useItem.minecraft.boat":1,"stat.drop":5,"stat.mineBlock.minecraft.leaves":27,"stat.playOneMinute":93988,"stat.killEntity.Sheep":9,"stat.sneakTime":468,"stat.pickup.minecraft.wool":12,"stat.useItem.minecraft.wooden_axe":27,"stat.mineBlock.minecraft.stone":23,"stat.pickup.chisel.marble2":25,"stat.mineBlock.minecraft.tallgrass":3,"stat.diveOneCm":3754}