{"stat.walkOneCm":105874,"stat.craftItem.minecraft.bed":1,"stat.leaveGame":6,"stat.pickup.minecraft.crafting_table":4,"stat.mineBlock.minecraft.cobblestone":1,"stat.useItem.minecraft.cobblestone":1,"stat.craftItem.minecraft.crafting_table":1,"stat.useItem.minecraft.apple":5,"stat.mineBlock.minecraft.brown_mushroom":1,"stat.useItem.minecraft.porkchop":5,"stat.pickup.minecraft.log":45,"stat.useItem.minecraft.mutton":7,"stat.jump":750,"stat.swimOneCm":702,"stat.fallOneCm":24573,"stat.useItem.minecraft.planks":5,"stat.pickup.minecraft.beef":11,"stat.useItem.minecraft.stone_axe":1,"stat.pickup.minecraft.porkchop":9,"stat.drop.minecraft.sapling":4,"stat.crouchOneCm":239,"stat.pickup.minecraft.sapling":22,"stat.pickup.minecraft.dirt":1,"stat.sprintOneCm":109807,"stat.useItem.minecraft.stone_slab2":47,"stat.pickup.minecraft.apple":5,"stat.drop.minecraft.bed":1,"stat.craftItem.minecraft.stick":12,"stat.craftItem.minecraft.wooden_axe":1,"stat.craftingTableInteraction":8,"stat.craftItem.minecraft.planks":108,"stat.craftItem.minecraft.stone_axe":1,"stat.damageTaken":520,"stat.mineBlock.minecraft.crafting_table":4,"stat.pickup.minecraft.leather":5,"stat.craftItem.minecraft.stone_pickaxe":1,"stat.useItem.minecraft.wooden_pickaxe":10,"stat.mobKills":16,"stat.pickup.minecraft.cobblestone":24,"stat.mineBlock.minecraft.log":27,"stat.pickup.chococraft.gysahl_green_seeds":4,"stat.useItem.minecraft.beef":8,"stat.useItem.carryon.entity_item":1,"stat.craftItem.minecraft.stone_sword":1,"stat.flyOneCm":180121,"stat.pickup.minecraft.bed":2,"stat.drop":5,"stat.pickup.minecraft.brown_mushroom":1,"stat.mineBlock.minecraft.leaves":11,"stat.playOneMinute":51988,"stat.killEntity.Sheep":5,"stat.useItem.minecraft.stone_pickaxe":18,"stat.sneakTime":280,"stat.useItem.minecraft.stone_sword":10,"stat.pickup.minecraft.wool":5,"stat.damageDealt":1530,"stat.sleepInBed":1,"stat.timeSinceDeath":51988,"stat.pickup.chococraft.gysahl_green":2,"stat.useItem.minecraft.wooden_axe":27,"stat.killEntity.Cow":7,"stat.mineBlock.minecraft.dirt":1,"stat.craftItem.minecraft.wooden_pickaxe":1,"stat.mineBlock.minecraft.stone":23,"stat.killEntity.Pig":3,"stat.diveOneCm":271,"stat.pickup.minecraft.mutton":7}