{"stat.chestOpened":16,"stat.pickup.minecraft.pumpkin":6,"stat.craftItem.minecraft.mushroom_stew":3,"stat.useItem.minecraft.mushroom_stew":8,"stat.killEntity.betteranimalsplus.goose":1,"stat.pickup.betteranimalsplus.antler":4,"stat.leaveGame":6,"stat.pickup.minecraft.gravel":24,"stat.mineBlock.minecraft.cobblestone":1,"stat.mineBlock.minecraft.pumpkin":6,"stat.drop.xlfoodmod.onion":1,"stat.useItem.minecraft.chicken":4,"stat.pickup.minecraft.flint":1,"stat.useItem.minecraft.apple":5,"stat.pickup.betteranimalsplus.venisonraw":6,"stat.mineBlock.minecraft.brown_mushroom":3,"stat.pickup.betteranimalsplus.crab_meat_raw":3,"stat.useItem.minecraft.porkchop":13,"stat.useItem.minecraft.rotten_flesh":1,"stat.pickup.xlfoodmod.onion":1,"stat.useItem.minecraft.mutton":12,"stat.jump":3515,"stat.swimOneCm":31459,"stat.useItem.minecraft.sand":85,"stat.pickup.minecraft.coal":31,"stat.fallOneCm":96277,"stat.useItem.minecraft.planks":5,"stat.pickup.simpleores.tin_ore":16,"stat.useItem.minecraft.stone_axe":52,"stat.pickup.minecraft.porkchop":13,"stat.crouchOneCm":7568,"stat.craftItem.minecraft.chest":2,"stat.pickup.minecraft.dirt":459,"stat.useItem.minecraft.dirt":430,"stat.useItem.chococraft.gysahl_green":16,"stat.pickup.minecraft.red_mushroom":5,"stat.useItem.minecraft.stone_slab2":76,"stat.craftItem.comforts.sleeping_bag":1,"stat.drop.minecraft.bed":1,"stat.mineBlock.minecraft.red_mushroom":5,"stat.craftingTableInteraction":22,"stat.pickup.minecraft.iron_ore":4,"stat.pickup.minecraft.rotten_flesh":1,"stat.pickup.minecraft.sand":245,"stat.craftItem.minecraft.furnace":1,"stat.boatOneCm":251687,"stat.craftItem.minecraft.stone_axe":1,"stat.pickup.xlfoodmod.tomato_seeds":2,"stat.killEntity.betteranimalsplus.fox":1,"stat.damageTaken":1600,"stat.pickup.minecraft.leather":7,"stat.pickup.minecraft.feather":6,"stat.craftItem.minecraft.stone_pickaxe":1,"stat.useItem.minecraft.wooden_pickaxe":10,"stat.pickup.simpleores.copper_ore":5,"stat.killEntity.betteranimalsplus.crab":1,"stat.pickup.minecraft.cobblestone":25,"stat.pickup.minecraft.dye":2,"stat.pickup.minecraft.reeds":9,"stat.useItem.minecraft.stone_shovel":688,"stat.craftItem.minecraft.stone_sword":1,"stat.pickup.minecraft.bed":4,"stat.flyOneCm":606818,"tombstone:undead_killed":1,"stat.pickup.minecraft.brown_mushroom":3,"stat.pickup.minecraft.wheat_seeds":7,"stat.mineBlock.minecraft.sand":248,"stat.pickup.minecraft.fish":1,"stat.killEntity.betteranimalsplus.deer":2,"stat.mineBlock.minecraft.gravel":25,"stat.useItem.minecraft.stone_pickaxe":112,"stat.useItem.minecraft.stone_sword":84,"stat.useItem.betteranimalsplus.pheasantraw":3,"stat.damageDealt":4146,"stat.mineBlock.minecraft.iron_ore":4,"stat.sleepInBed":10,"stat.craftItem.minecraft.bowl":4,"stat.timeSinceDeath":33985,"stat.pickup.chococraft.gysahl_green":23,"stat.killEntity.Cow":11,"stat.mineBlock.xlfoodmod.grass":3,"stat.mineBlock.minecraft.dirt":463,"stat.pickup.chococraft.lovely_gysahl_green":5,"stat.craftItem.minecraft.wooden_pickaxe":1,"stat.killEntity.Pig":5,"stat.pickup.minecraft.mutton":12,"stat.mineBlock.simpleores.copper_ore":5,"stat.pickup.minecraft.boat":10,"stat.craftItem.minecraft.stone_shovel":6,"stat.walkOneCm":538321,"stat.craftItem.minecraft.bed":1,"stat.useItem.minecraft.chest":1,"stat.mineBlock.chisel.marble2":25,"stat.pickup.minecraft.crafting_table":7,"stat.useItem.minecraft.cobblestone":1,"stat.craftItem.minecraft.crafting_table":2,"stat.pickup.xlfoodmod.cucumber_seeds":1,"stat.furnaceInteraction":3,"stat.killEntity.piranha":5,"stat.mineBlock.minecraft.double_plant":1,"stat.pickup.xlfoodmod.lettuce_seeds":2,"stat.mineBlock.minecraft.coal_ore":31,"stat.craftItem.minecraft.boat":1,"stat.craftItem.minecraft.stone_hoe":1,"stat.useItem.betteranimalsplus.crab_meat_raw":3,"stat.pickup.minecraft.log":119,"stat.pickup.minecraft.beef":24,"stat.pickup.xlfoodmod.corn_seeds":2,"stat.useItem.tombstone.gift":1,"stat.drop.minecraft.sapling":4,"stat.killEntity.rat":1,"stat.pickup.minecraft.chicken":4,"stat.pickup.betteranimalsplus.pheasantraw":3,"stat.useItem.foodexpansion.itemsquid":2,"stat.pickup.minecraft.sapling":36,"stat.killEntity.Squid":1,"stat.sprintOneCm":468160,"stat.killEntity.betteranimalsplus.pheasant":1,"stat.pickup.minecraft.apple":7,"stat.craftItem.minecraft.stick":24,"stat.craftItem.minecraft.wooden_axe":1,"stat.useItem.carryon.tile_item":2,"stat.craftItem.minecraft.planks":108,"stat.mineBlock.simpleores.tin_ore":16,"stat.killEntity.Chicken":5,"stat.mineBlock.minecraft.crafting_table":7,"stat.pickup.foodexpansion.itemsquid":4,"stat.mobKills":47,"stat.mineBlock.minecraft.log":101,"stat.pickup.chococraft.gysahl_green_seeds":52,"stat.useItem.minecraft.beef":19,"stat.useItem.carryon.entity_item":1,"stat.useItem.betteranimalsplus.venisonraw":6,"stat.useItem.minecraft.boat":10,"stat.deaths":1,"stat.drop":6,"stat.mineBlock.minecraft.leaves":38,"stat.playOneMinute":165988,"stat.killEntity.Sheep":9,"stat.sneakTime":2085,"stat.pickup.minecraft.wool":12,"stat.useItem.minecraft.wooden_axe":27,"stat.mineBlock.minecraft.stone":24,"stat.pickup.chisel.marble2":25,"stat.mineBlock.minecraft.tallgrass":52,"stat.diveOneCm":15419}