{"stat.craftItem.simpleores.tin_ingot":16,"stat.pickup.betteranimalsplus.antler":4,"stat.leaveGame":8,"stat.pickup.betteranimalsplus.goose_egg":1,"stat.pickup.betteranimalsplus.crab_meat_raw":6,"stat.pickup.medieval_craft.ingotsteel":5,"stat.useItem.minecraft.mutton":12,"stat.useItem.minecraft.planks":128,"stat.useItem.malisisdoors.wood_sliding_door":3,"stat.pickup.minecraft.porkchop":14,"stat.mineBlock.minecraft.red_mushroom":5,"stat.pickup.minecraft.rotten_flesh":3,"stat.pickup.minecraft.sand":292,"stat.craftItem.minecraft.stone_axe":5,"stat.killEntity.betteranimalsplus.fox":1,"stat.pickup.animalium.wild_dog_pelt":1,"stat.mineBlock.malisisdoors.big_door_oak_3x3":6,"stat.craftItem.minecraft.stone_sword":2,"stat.pickup.minecraft.chainmail_chestplate":1,"stat.pickup.minecraft.brown_mushroom":4,"stat.mineBlock.minecraft.sand":250,"stat.useItem.betteranimalsplus.pheasantraw":3,"stat.mineBlock.futuremc.stripped_oak_log":2,"stat.craftItem.minecraft.wooden_pickaxe":2,"stat.craftItem.simpleores.mythril_ingot":1,"stat.pickup.minecraft.double_plant":14,"stat.craftItem.minecraft.bed":1,"stat.craftItem.simpleores.tin_leggings":1,"stat.useItem.futuremc.oak_wood":112,"stat.mineBlock.chisel.marble2":25,"stat.furnaceInteraction":29,"stat.pickup.xlfoodmod.lettuce_seeds":2,"stat.pickup.minecraft.beef":24,"stat.pickup.aquaculture.loot":2,"stat.craftItem.paraglider.paraglider":2,"stat.pickup.minecraft.iron_chestplate":1,"stat.pickup.futuremc.stripped_oak_log":2,"stat.mineBlock.simpleores.tin_ore":17,"stat.killEntity.GiantSpider":1,"stat.pickup.foodexpansion.itemsquid":4,"stat.useItem.minecraft.beef":19,"stat.deaths":2,"stat.craftItem.futuremc.oak_wood":102,"stat.playOneMinute":457902,"stat.craftItem.aquaculture.fishing_rod":1,"stat.craftItem.simpleores.tin_helmet":1,"stat.pickup.chisel.marble2":25,"stat.mineBlock.minecraft.tallgrass":67,"stat.fishCaught":4,"stat.chestOpened":95,"stat.pickup.minecraft.pumpkin":6,"stat.craftItem.minecraft.mushroom_stew":3,"stat.killEntity.betteranimalsplus.goose":1,"stat.useItem.minecraft.fish":1,"stat.mineBlock.futuremc.oak_wood":21,"stat.pickup.betteranimalsplus.venisonraw":6,"stat.killEntity.betteranimalsplus.shark":1,"stat.fallOneCm":238418,"stat.pickup.simpleores.tin_ore":17,"stat.pickup.foodexpansion.itemwolfmeat":1,"stat.drop.minecraft.stone_sword":1,"stat.crouchOneCm":37317,"stat.craftItem.minecraft.chest":7,"stat.craftItem.minecraft.iron_ingot":4,"stat.drop.minecraft.mushroom_stew":2,"stat.pickup.minecraft.red_mushroom":5,"stat.craftItem.malisisdoors.big_door_oak_3x3":1,"stat.craftingTableInteraction":63,"stat.pickup.minecraft.mushroom_stew":1,"stat.pickup.minecraft.feather":6,"stat.pickup.minecraft.dye":2,"stat.pickup.minecraft.planks":87,"stat.pickup.chisel.limestone2":3,"stat.pickup.aquaculture.fish":4,"stat.pickup.minecraft.wheat_seeds":10,"stat.mineBlock.minecraft.gravel":25,"stat.useItem.minecraft.stone_pickaxe":214,"stat.useItem.minecraft.stone_sword":125,"stat.mineBlock.xlfoodmod.grass":3,"stat.mineBlock.minecraft.dirt":1213,"stat.mineBlock.simpleores.copper_ore":5,"stat.useItem.minecraft.torch":17,"stat.pickup.malisisdoors.wood_sliding_door":2,"stat.drop.minecraft.porkchop":1,"stat.pickup.minecraft.crafting_table":8,"stat.useItem.minecraft.log":122,"stat.useItem.minecraft.cobblestone":1,"stat.craftItem.minecraft.crafting_table":4,"stat.mineBlock.minecraft.double_plant":12,"stat.craftItem.minecraft.boat":2,"stat.killEntity.betteranimalsplus.horseshoecrab":2,"stat.pickup.minecraft.log":373,"stat.drop.minecraft.sapling":5,"stat.pickup.minecraft.chicken":4,"stat.pickup.medieval_craft.heavyplatearmorhelmet":1,"stat.craftItem.chisel.chisel_iron":1,"stat.pickup.minecraft.chainmail_leggings":1,"stat.pickup.minecraft.sapling":65,"stat.mineBlock.chisel.glass":12,"stat.pickup.minecraft.apple":11,"stat.drop.minecraft.fish":1,"stat.craftItem.minecraft.planks":276,"stat.craftItem.minecraft.fishing_rod":1,"stat.pickup.minecraft.stone_sword":1,"stat.useItem.betteranimalsplus.goose_egg":1,"stat.mineBlock.minecraft.log":380,"stat.craftItem.minecraft.wooden_door":6,"stat.useItem.carryon.entity_item":2,"stat.sneakTime":9370,"stat.pickup.minecraft.wool":15,"stat.killEntity.betteranimalsplus.badger":1,"stat.useItem.minecraft.wooden_axe":27,"stat.drop.minecraft.stone_pickaxe":1,"stat.useItem.minecraft.mushroom_stew":97,"stat.pickup.minecraft.bone":3,"stat.useItem.minecraft.iron_axe":97,"stat.mineBlock.minecraft.cobblestone":1,"stat.mineBlock.minecraft.pumpkin":6,"stat.drop.xlfoodmod.onion":1,"stat.pickup.minecraft.flint":1,"stat.mineBlock.minecraft.brown_mushroom":5,"stat.pickup.futuremc.oak_wood":21,"stat.swimOneCm":81807,"stat.climbOneCm":752,"stat.useItem.minecraft.dirt":1139,"stat.useItem.chococraft.gysahl_green":16,"stat.killEntity.betteranimalsplus.boar":1,"stat.useItem.minecraft.stone_slab2":155,"stat.pickup.minecraft.iron_boots":1,"stat.craftItem.minecraft.furnace":2,"stat.killEntity.betteranimalsplus.jellyfish":1,"stat.craftItem.minecraft.stone_pickaxe":4,"stat.pickup.simpleores.copper_ore":5,"stat.killEntity.betteranimalsplus.crab":2,"stat.pickup.minecraft.cobblestone":109,"stat.useItem.minecraft.stone_shovel":1657,"stat.mineBlock.chisel.limestone2":3,"stat.flyOneCm":1519272,"stat.pickup.minecraft.fish":4,"stat.killEntity.betteranimalsplus.deer":2,"stat.mineBlock.minecraft.iron_ore":4,"stat.timeSinceDeath":272874,"stat.pickup.chococraft.lovely_gysahl_green":11,"stat.pickup.minecraft.mutton":15,"stat.pickup.xlfoodmod.cucumber_seeds":1,"stat.drop.minecraft.dirt":1,"stat.killEntity.Wolf":1,"stat.mineBlock.minecraft.coal_ore":49,"stat.craftItem.minecraft.stone_hoe":1,"stat.pickup.minecraft.string":4,"stat.pickup.comforts.sleeping_bag":3,"stat.pickup.xlfoodmod.corn_seeds":2,"stat.craftItem.malisisdoors.wood_sliding_door":3,"stat.craftItem.minecraft.stone_slab2":0,"stat.killEntity.rat":5,"stat.useItem.foodexpansion.itemsquid":2,"stat.killEntity.Squid":1,"stat.sprintOneCm":1447007,"stat.pickup.minecraft.paper":1,"stat.killEntity.betteranimalsplus.pheasant":1,"stat.craftItem.minecraft.stick":78,"stat.craftItem.minecraft.wooden_axe":1,"stat.useItem.carryon.tile_item":6,"stat.mineBlock.minecraft.crafting_table":8,"stat.pickup.chococraft.gysahl_green_seeds":121,"stat.useItem.betteranimalsplus.venisonraw":6,"stat.mineBlock.minecraft.planks":30,"stat.drop":15,"stat.killEntity.Sheep":12,"stat.diveOneCm":102264,"stat.drop.minecraft.wooden_pickaxe":1,"stat.pickup.minecraft.gravel":24,"stat.useItem.minecraft.chicken":4,"stat.useItem.minecraft.apple":5,"stat.useItem.minecraft.porkchop":13,"stat.useItem.minecraft.rotten_flesh":1,"stat.pickup.xlfoodmod.onion":1,"stat.craftItem.simpleores.tin_boots":1,"stat.jump":8703,"stat.useItem.minecraft.sand":85,"stat.pickup.minecraft.coal":49,"stat.useItem.minecraft.stone_axe":138,"stat.pickup.minecraft.gunpowder":3,"stat.pickup.malisisdoors.big_door_oak_3x3":6,"stat.pickup.minecraft.spider_eye":4,"stat.craftItem.minecraft.torch":16,"stat.pickup.minecraft.dirt":1227,"stat.craftItem.comforts.sleeping_bag":1,"stat.drop.minecraft.bed":1,"stat.pickup.minecraft.iron_ore":4,"stat.boatOneCm":251687,"stat.pickup.minecraft.iron_axe":1,"stat.pickup.xlfoodmod.tomato_seeds":2,"stat.damageTaken":5405,"stat.pickup.minecraft.leather":7,"stat.mineBlock.minecraft.torch":2,"stat.useItem.minecraft.wooden_pickaxe":33,"stat.entityKilledBy.piranha":1,"stat.killEntity.redknight":1,"stat.pickup.minecraft.reeds":9,"stat.pickup.minecraft.bed":5,"tombstone:undead_killed":4,"stat.useItem.chisel.glass":20,"stat.damageDealt":10251,"stat.craftItem.minecraft.glass":53,"stat.sleepInBed":31,"stat.craftItem.minecraft.bowl":4,"stat.pickup.chococraft.gysahl_green":53,"stat.killEntity.Cow":11,"stat.killEntity.Pig":5,"stat.pickup.minecraft.boat":11,"stat.craftItem.minecraft.stone_shovel":13,"stat.walkOneCm":1453669,"stat.useItem.minecraft.chest":3,"stat.pickup.minecraft.stick":1,"stat.killEntity.piranha":31,"stat.useItem.betteranimalsplus.crab_meat_raw":3,"stat.useItem.tombstone.gift":1,"stat.pickup.betteranimalsplus.pheasantraw":3,"stat.killEntity.wild_dog":14,"stat.killEntity.Chicken":5,"stat.mobKills":110,"stat.useItem.minecraft.boat":12,"stat.mineBlock.minecraft.leaves":61,"stat.pickup.minecraft.torch":2,"stat.mineBlock.minecraft.stone":109}