{"stat.walkOneCm":52994,"stat.pickup.betteranimalsplus.antler":2,"stat.leaveGame":2,"stat.useItem.minecraft.log":1,"stat.damageTaken":620,"stat.useItem.minecraft.apple":3,"stat.mobKills":4,"stat.pickup.betteranimalsplus.venisonraw":3,"stat.mineBlock.minecraft.log":45,"stat.pickup.chococraft.gysahl_green_seeds":30,"stat.drop.xlfoodmod.vanilla_flower":1,"stat.useItem.betteranimalsplus.venisonraw":3,"stat.pickup.minecraft.log":45,"stat.flyOneCm":70638,"stat.deaths":1,"stat.useItem.minecraft.mutton":2,"stat.pickup.minecraft.wheat_seeds":1,"stat.drop":2,"stat.jump":488,"stat.swimOneCm":9741,"stat.mineBlock.minecraft.leaves":7,"stat.playOneMinute":25275,"stat.fallOneCm":14380,"stat.drop.minecraft.wheat_seeds":1,"stat.killEntity.betteranimalsplus.deer":1,"stat.useItem.tombstone.gift":1,"stat.killEntity.Sheep":3,"stat.sneakTime":33,"stat.pickup.minecraft.wool":3,"stat.damageDealt":403,"stat.crouchOneCm":228,"stat.entityKilledBy.Bonepile":1,"stat.timeSinceDeath":2168,"stat.pickup.chococraft.gysahl_green":16,"stat.pickup.minecraft.sapling":2,"stat.useItem.chococraft.gysahl_green":16,"stat.pickup.minecraft.dirt":4,"stat.useItem.minecraft.dirt":3,"stat.sprintOneCm":92089,"stat.pickup.xlfoodmod.vanilla_flower":1,"stat.pickup.chococraft.lovely_gysahl_green":2,"stat.mineBlock.minecraft.dirt":4,"stat.useItem.minecraft.stone_slab2":4,"stat.pickup.minecraft.apple":3,"stat.diveOneCm":13090,"stat.pickup.minecraft.mutton":5}