{"stat.walkOneCm":76939,"stat.pickup.betteranimalsplus.antler":2,"stat.leaveGame":3,"stat.useItem.minecraft.log":1,"stat.useItem.minecraft.apple":3,"stat.pickup.betteranimalsplus.venisonraw":3,"stat.drop.xlfoodmod.vanilla_flower":1,"stat.pickup.minecraft.log":51,"stat.useItem.minecraft.mutton":7,"stat.swimOneCm":10733,"stat.jump":803,"stat.fallOneCm":22792,"stat.useItem.tombstone.gift":1,"stat.useItem.minecraft.cooked_mutton":2,"stat.crouchOneCm":359,"stat.pickup.minecraft.sapling":3,"stat.useItem.chococraft.gysahl_green":20,"stat.pickup.minecraft.dirt":4,"stat.useItem.minecraft.dirt":3,"stat.pickup.xlfoodmod.vanilla_flower":1,"stat.sprintOneCm":171103,"stat.useItem.minecraft.stone_slab2":5,"stat.pickup.minecraft.apple":3,"stat.damageTaken":970,"stat.mobKills":9,"stat.mineBlock.minecraft.log":51,"stat.pickup.chococraft.gysahl_green_seeds":34,"stat.useItem.betteranimalsplus.venisonraw":3,"stat.flyOneCm":128354,"stat.deaths":2,"stat.entityKilledBy.wild_dog":1,"stat.pickup.minecraft.wheat_seeds":1,"stat.drop":2,"stat.mineBlock.minecraft.leaves":7,"stat.playOneMinute":38877,"stat.drop.minecraft.wheat_seeds":1,"stat.killEntity.betteranimalsplus.deer":1,"stat.killEntity.Sheep":7,"stat.sneakTime":46,"stat.pickup.minecraft.wool":8,"stat.damageDealt":742,"stat.entityKilledBy.Bonepile":1,"stat.timeSinceDeath":7968,"stat.pickup.chococraft.gysahl_green":20,"stat.pickup.chococraft.lovely_gysahl_green":2,"stat.mineBlock.minecraft.dirt":4,"stat.diveOneCm":15478,"stat.pickup.minecraft.mutton":10,"stat.pickup.minecraft.cooked_mutton":2}