{"stat.useItem.minecraft.mushroom_stew":40,"stat.pickup.betteranimalsplus.antler":2,"stat.leaveGame":6,"stat.mineBlock.minecraft.cobblestone":2,"stat.drop.xlfoodmod.vanilla_flower":1,"stat.useItem.minecraft.mutton":10,"stat.swimOneCm":18247,"stat.useItem.minecraft.planks":285,"stat.climbOneCm":14888,"stat.drop.minecraft.bowl":3,"stat.useItem.chococraft.gysahl_green":20,"stat.useItem.minecraft.dirt":40,"stat.useItem.minecraft.stone_slab2":56,"stat.useItem.minecraft.egg":1,"stat.mineBlock.malisisdoors.big_door_oak_3x3":3,"stat.craftItem.minecraft.stone_pickaxe":3,"stat.pickup.minecraft.cobblestone":265,"stat.flyOneCm":318978,"stat.drop.minecraft.wheat_seeds":1,"stat.killEntity.betteranimalsplus.deer":1,"stat.timeSinceDeath":138577,"stat.pickup.chococraft.lovely_gysahl_green":2,"stat.drop.minecraft.log":1,"stat.craftItem.minecraft.wooden_pickaxe":1,"stat.pickup.minecraft.mutton":11,"stat.craftItem.minecraft.bed":1,"stat.useItem.minecraft.oak_stairs":11,"stat.drop.minecraft.dirt":4,"stat.drop.minecraft.wool":2,"stat.mineBlock.minecraft.coal_ore":35,"stat.useItem.minecraft.cooked_mutton":2,"stat.pickup.xlfoodmod.vanilla_flower":1,"stat.sprintOneCm":441239,"stat.useItem.minecraft.fence":20,"stat.pickup.betteranimalsplus.turkey_egg":1,"stat.craftItem.minecraft.stick":48,"stat.mineBlock.simpleores.tin_ore":5,"stat.useItem.betteranimalsplus.pheasant_egg":1,"stat.mineBlock.minecraft.fence":2,"stat.mineBlock.minecraft.crafting_table":3,"stat.waystones:waystonesActivated":1,"stat.pickup.chococraft.gysahl_green_seeds":34,"stat.useItem.betteranimalsplus.venisonraw":3,"stat.mineBlock.minecraft.oak_stairs":5,"stat.deaths":2,"stat.pickup.minecraft.bowl":1,"stat.mineBlock.minecraft.planks":20,"stat.entityKilledBy.wild_dog":1,"stat.drop":20,"stat.pickup.minecraft.egg":1,"stat.playOneMinute":169486,"stat.killEntity.Sheep":8,"stat.useItem.minecraft.ladder":5,"stat.entityKilledBy.Bonepile":1,"stat.diveOneCm":30631,"stat.pickup.minecraft.cooked_mutton":2,"stat.chestOpened":5,"stat.craftItem.minecraft.ladder":6,"stat.drop.minecraft.wooden_pickaxe":1,"stat.useItem.minecraft.apple":4,"stat.pickup.betteranimalsplus.venisonraw":3,"stat.jump":2530,"stat.pickup.minecraft.fence":2,"stat.pickup.minecraft.coal":35,"stat.fallOneCm":81631,"stat.pickup.simpleores.tin_ore":5,"stat.crouchOneCm":3645,"stat.pickup.malisisdoors.big_door_oak_3x3":3,"stat.mineBlock.minecraft.chest":2,"stat.craftItem.minecraft.chest":1,"stat.pickup.minecraft.dirt":75,"stat.drop.minecraft.mushroom_stew":3,"stat.craftItem.malisisdoors.big_door_oak_3x3":1,"stat.craftingTableInteraction":19,"stat.boatOneCm":298000,"stat.useItem.minecraft.sapling":1,"stat.pickup.minecraft.mushroom_stew":4,"stat.pickup.minecraft.wooden_pickaxe":1,"stat.damageTaken":3407,"stat.useItem.minecraft.wooden_pickaxe":59,"stat.pickup.minecraft.planks":23,"stat.pickup.minecraft.bed":1,"stat.pickup.minecraft.wheat_seeds":1,"stat.pickup.minecraft.oak_stairs":5,"stat.useItem.minecraft.stone_pickaxe":265,"stat.damageDealt":964,"stat.sleepInBed":7,"stat.pickup.chococraft.gysahl_green":20,"stat.craftItem.minecraft.oak_stairs":12,"stat.mineBlock.minecraft.dirt":77,"stat.walkOneCm":371105,"stat.useItem.minecraft.log":1,"stat.pickup.minecraft.crafting_table":3,"stat.useItem.minecraft.cobblestone":92,"stat.craftItem.minecraft.crafting_table":1,"stat.pickup.minecraft.log":104,"stat.pickup.betteranimalsplus.pheasant_egg":1,"stat.useItem.tombstone.gift":1,"stat.drop.minecraft.planks":4,"stat.pickup.minecraft.sapling":6,"stat.pickup.minecraft.apple":4,"stat.craftItem.minecraft.planks":372,"stat.mobKills":10,"stat.mineBlock.minecraft.log":104,"stat.craftItem.minecraft.wooden_door":6,"stat.craftItem.minecraft.fence":21,"stat.mineBlock.minecraft.leaves":8,"stat.sneakTime":859,"stat.pickup.minecraft.wool":11,"stat.mineBlock.minecraft.stone":275,"stat.pickup.minecraft.chest":2}