{"stat.walkOneCm":26732,"stat.pickup.betteranimalsplus.antler":2,"stat.leaveGame":2,"stat.useItem.minecraft.log":1,"stat.damageTaken":120,"stat.useItem.minecraft.apple":1,"stat.mobKills":1,"stat.pickup.betteranimalsplus.venisonraw":3,"stat.mineBlock.minecraft.log":18,"stat.pickup.chococraft.gysahl_green_seeds":15,"stat.drop.xlfoodmod.vanilla_flower":1,"stat.useItem.betteranimalsplus.venisonraw":2,"stat.pickup.minecraft.log":18,"stat.flyOneCm":37942,"stat.pickup.minecraft.wheat_seeds":1,"stat.drop":2,"stat.jump":244,"stat.swimOneCm":2260,"stat.mineBlock.minecraft.leaves":1,"stat.playOneMinute":13275,"stat.fallOneCm":6777,"stat.drop.minecraft.wheat_seeds":1,"stat.killEntity.betteranimalsplus.deer":1,"stat.sneakTime":33,"stat.damageDealt":150,"stat.crouchOneCm":228,"stat.timeSinceDeath":13275,"stat.pickup.chococraft.gysahl_green":7,"stat.pickup.minecraft.sapling":1,"stat.useItem.chococraft.gysahl_green":7,"stat.sprintOneCm":45563,"stat.pickup.xlfoodmod.vanilla_flower":1,"stat.pickup.chococraft.lovely_gysahl_green":2,"stat.useItem.minecraft.stone_slab2":1,"stat.pickup.minecraft.apple":3,"stat.diveOneCm":4503}