{
  "betteranimalsplus:root": {
    "criteria": {
      "tick": "2024-07-29 11:55:58 +0000"
    },
    "done": true
  },
  "tombstone:tutorial/root": {
    "criteria": {
      "auto": "2024-07-29 11:55:58 +0000"
    },
    "done": true
  },
  "ancientbeasts:root": {
    "criteria": {
      "tick": "2024-07-29 11:55:58 +0000"
    },
    "done": true
  },
  "mowziesmobs:root": {
    "criteria": {
      "custom_test_name": "2024-07-29 11:55:58 +0000"
    },
    "done": true
  },
  "cfm:root": {
    "criteria": {
      "tick": "2024-07-29 11:55:58 +0000"
    },
    "done": true
  },
  "cfm:install": {
    "criteria": {
      "tick": "2024-07-29 11:55:58 +0000"
    },
    "done": true
  },
  "minecraft:adventure/adventuring_time": {
    "criteria": {
      "forest": "2024-07-29 11:55:58 +0000",
      "extreme_hills_with_trees": "2024-07-29 11:59:49 +0000",
      "plains": "2024-07-29 11:58:58 +0000",
      "extreme_hills": "2024-07-29 11:59:40 +0000",
      "stone_beach": "2024-07-29 12:00:02 +0000"
    },
    "done": false
  }
}