{
  "betteranimalsplus:root": {
    "criteria": {
      "tick": "2024-08-01 16:17:46 +0000"
    },
    "done": true
  },
  "tombstone:tutorial/root": {
    "criteria": {
      "auto": "2024-08-01 16:17:46 +0000"
    },
    "done": true
  },
  "ancientbeasts:root": {
    "criteria": {
      "tick": "2024-08-01 16:17:46 +0000"
    },
    "done": true
  },
  "mowziesmobs:root": {
    "criteria": {
      "custom_test_name": "2024-08-01 16:17:46 +0000"
    },
    "done": true
  },
  "cfm:root": {
    "criteria": {
      "tick": "2024-08-01 16:17:46 +0000"
    },
    "done": true
  },
  "cfm:install": {
    "criteria": {
      "tick": "2024-08-01 16:17:46 +0000"
    },
    "done": true
  },
  "minecraft:adventure/adventuring_time": {
    "criteria": {
      "forest": "2024-08-01 16:17:46 +0000",
      "plains": "2024-08-01 16:18:39 +0000"
    },
    "done": false
  }
}