{
  "minecraft:husbandry/balanced_diet": {
    "criteria": {
      "rabbit_stew": "2024-07-10 12:59:35 +0000"
    },
    "done": false
  },
  "betteranimalsplus:root": {
    "criteria": {
      "tick": "2024-07-10 12:51:51 +0000"
    },
    "done": true
  },
  "tombstone:tutorial/root": {
    "criteria": {
      "auto": "2024-07-10 12:51:50 +0000"
    },
    "done": true
  },
  "minecraft:husbandry/root": {
    "criteria": {
      "consumed_item": "2024-07-10 12:59:35 +0000"
    },
    "done": true
  },
  "ancientbeasts:root": {
    "criteria": {
      "tick": "2024-07-10 12:51:51 +0000"
    },
    "done": true
  },
  "mowziesmobs:root": {
    "criteria": {
      "custom_test_name": "2024-07-10 12:51:51 +0000"
    },
    "done": true
  },
  "minecraft:recipes/food/mushroom_stew": {
    "criteria": {
      "has_bowl": "2024-07-10 12:59:35 +0000"
    },
    "done": true
  },
  "cfm:root": {
    "criteria": {
      "tick": "2024-07-10 12:51:51 +0000"
    },
    "done": true
  },
  "farlanders:root": {
    "criteria": {
      "attack": "2024-07-10 12:51:57 +0000"
    },
    "done": true
  },
  "cfm:install": {
    "criteria": {
      "tick": "2024-07-10 12:51:51 +0000"
    },
    "done": true
  },
  "minecraft:adventure/adventuring_time": {
    "criteria": {
      "forest": "2024-07-10 12:30:50 +0000",
      "forest_hills": "2024-07-10 12:56:42 +0000",
      "plains": "2024-07-10 12:31:29 +0000",
      "taiga": "2024-07-10 12:31:17 +0000"
    },
    "done": false
  }
}